/*
 Navicat Premium Data Transfer

 Source Server         : PTR-Local
 Source Server Type    : MySQL
 Source Server Version : 80027
 Source Host           : 192.168.99.2:3306
 Source Schema         : drivelicensestudy

 Target Server Type    : MySQL
 Target Server Version : 80027
 File Encoding         : 65001

 Date: 15/12/2023 02:52:32
*/

SET NAMES utf8mb4;
SET FOREIGN_KEY_CHECKS = 0;

-- ----------------------------
-- Table structure for badanswers
-- ----------------------------
DROP TABLE IF EXISTS `badanswers`;
CREATE TABLE `badanswers`  (
  `id` int UNSIGNED NOT NULL AUTO_INCREMENT COMMENT '主键ID',
  `userId` int UNSIGNED NOT NULL COMMENT '用户ID',
  `questionId` int UNSIGNED NOT NULL COMMENT '问题ID',
  `myAnswer` varchar(255) CHARACTER SET utf8mb4 COLLATE utf8mb4_0900_ai_ci NOT NULL COMMENT '我的回答',
  PRIMARY KEY (`id`) USING BTREE,
  UNIQUE INDEX `unique`(`userId`, `questionId`) USING BTREE,
  INDEX `questionLink`(`questionId`) USING BTREE,
  CONSTRAINT `questionLink` FOREIGN KEY (`questionId`) REFERENCES `questions` (`id`) ON DELETE CASCADE ON UPDATE RESTRICT,
  CONSTRAINT `userIdLink` FOREIGN KEY (`userId`) REFERENCES `users` (`id`) ON DELETE CASCADE ON UPDATE RESTRICT
) ENGINE = InnoDB AUTO_INCREMENT = 235 CHARACTER SET = utf8mb4 COLLATE = utf8mb4_0900_ai_ci ROW_FORMAT = Dynamic;

-- ----------------------------
-- Records of badanswers
-- ----------------------------
INSERT INTO `badanswers` VALUES (4, 3, 174, '');
INSERT INTO `badanswers` VALUES (5, 3, 92, '');
INSERT INTO `badanswers` VALUES (6, 3, 107, '');
INSERT INTO `badanswers` VALUES (7, 3, 6, '');
INSERT INTO `badanswers` VALUES (8, 3, 171, '');
INSERT INTO `badanswers` VALUES (9, 3, 153, '');
INSERT INTO `badanswers` VALUES (10, 3, 83, '');
INSERT INTO `badanswers` VALUES (11, 3, 35, '');
INSERT INTO `badanswers` VALUES (12, 3, 17, '');
INSERT INTO `badanswers` VALUES (14, 3, 163, '');
INSERT INTO `badanswers` VALUES (15, 3, 41, '');
INSERT INTO `badanswers` VALUES (16, 3, 39, '');
INSERT INTO `badanswers` VALUES (17, 3, 91, '');
INSERT INTO `badanswers` VALUES (18, 3, 57, '');
INSERT INTO `badanswers` VALUES (19, 3, 148, '');
INSERT INTO `badanswers` VALUES (20, 3, 90, '');
INSERT INTO `badanswers` VALUES (21, 3, 139, '');
INSERT INTO `badanswers` VALUES (22, 3, 75, '');
INSERT INTO `badanswers` VALUES (23, 3, 167, '');
INSERT INTO `badanswers` VALUES (24, 3, 123, '');
INSERT INTO `badanswers` VALUES (25, 3, 104, '');
INSERT INTO `badanswers` VALUES (26, 3, 67, '');
INSERT INTO `badanswers` VALUES (27, 3, 4, '');
INSERT INTO `badanswers` VALUES (28, 3, 18, '');
INSERT INTO `badanswers` VALUES (29, 3, 149, '');
INSERT INTO `badanswers` VALUES (30, 3, 141, '');
INSERT INTO `badanswers` VALUES (32, 3, 58, '');
INSERT INTO `badanswers` VALUES (33, 3, 30, '');
INSERT INTO `badanswers` VALUES (34, 3, 119, '');
INSERT INTO `badanswers` VALUES (35, 3, 170, '');
INSERT INTO `badanswers` VALUES (36, 3, 32, '');
INSERT INTO `badanswers` VALUES (37, 3, 52, '');
INSERT INTO `badanswers` VALUES (38, 3, 157, '');
INSERT INTO `badanswers` VALUES (39, 3, 108, '');
INSERT INTO `badanswers` VALUES (40, 3, 46, '');
INSERT INTO `badanswers` VALUES (41, 3, 16, '');
INSERT INTO `badanswers` VALUES (42, 3, 36, '');
INSERT INTO `badanswers` VALUES (43, 3, 72, '');
INSERT INTO `badanswers` VALUES (44, 3, 60, '');
INSERT INTO `badanswers` VALUES (45, 3, 172, '');
INSERT INTO `badanswers` VALUES (46, 3, 61, '');
INSERT INTO `badanswers` VALUES (47, 3, 165, '');
INSERT INTO `badanswers` VALUES (48, 3, 100, '');
INSERT INTO `badanswers` VALUES (49, 3, 26, '');
INSERT INTO `badanswers` VALUES (50, 3, 121, '');
INSERT INTO `badanswers` VALUES (51, 3, 42, '');
INSERT INTO `badanswers` VALUES (52, 3, 85, '');
INSERT INTO `badanswers` VALUES (53, 3, 97, '');
INSERT INTO `badanswers` VALUES (55, 3, 77, '');
INSERT INTO `badanswers` VALUES (56, 3, 136, '');
INSERT INTO `badanswers` VALUES (57, 3, 9, '');
INSERT INTO `badanswers` VALUES (58, 3, 158, '');
INSERT INTO `badanswers` VALUES (59, 3, 159, '');
INSERT INTO `badanswers` VALUES (60, 3, 144, '');
INSERT INTO `badanswers` VALUES (61, 3, 161, '');
INSERT INTO `badanswers` VALUES (62, 3, 28, '');
INSERT INTO `badanswers` VALUES (63, 3, 13, '');
INSERT INTO `badanswers` VALUES (64, 3, 110, '');
INSERT INTO `badanswers` VALUES (65, 3, 162, '');
INSERT INTO `badanswers` VALUES (67, 3, 146, '');
INSERT INTO `badanswers` VALUES (68, 3, 10, '');
INSERT INTO `badanswers` VALUES (69, 3, 133, '');
INSERT INTO `badanswers` VALUES (70, 3, 68, '');
INSERT INTO `badanswers` VALUES (71, 3, 7, '');
INSERT INTO `badanswers` VALUES (72, 3, 5, '');
INSERT INTO `badanswers` VALUES (73, 3, 2, '');
INSERT INTO `badanswers` VALUES (74, 3, 14, '');
INSERT INTO `badanswers` VALUES (75, 3, 115, '');
INSERT INTO `badanswers` VALUES (76, 3, 21, '');
INSERT INTO `badanswers` VALUES (77, 3, 79, '');
INSERT INTO `badanswers` VALUES (78, 3, 175, '');
INSERT INTO `badanswers` VALUES (79, 3, 82, '');
INSERT INTO `badanswers` VALUES (80, 3, 113, '');
INSERT INTO `badanswers` VALUES (81, 3, 8, '');
INSERT INTO `badanswers` VALUES (82, 3, 88, '');
INSERT INTO `badanswers` VALUES (83, 3, 131, '');
INSERT INTO `badanswers` VALUES (84, 3, 37, '');
INSERT INTO `badanswers` VALUES (85, 3, 142, '');
INSERT INTO `badanswers` VALUES (86, 3, 12, '');
INSERT INTO `badanswers` VALUES (87, 3, 54, '');
INSERT INTO `badanswers` VALUES (88, 3, 80, '');
INSERT INTO `badanswers` VALUES (89, 3, 40, '');
INSERT INTO `badanswers` VALUES (90, 3, 156, '');
INSERT INTO `badanswers` VALUES (91, 3, 155, '');
INSERT INTO `badanswers` VALUES (92, 3, 22, 'B');
INSERT INTO `badanswers` VALUES (93, 3, 95, '');
INSERT INTO `badanswers` VALUES (95, 3, 152, '');
INSERT INTO `badanswers` VALUES (96, 3, 94, '');
INSERT INTO `badanswers` VALUES (97, 3, 47, 'A');
INSERT INTO `badanswers` VALUES (98, 3, 169, '');
INSERT INTO `badanswers` VALUES (99, 3, 31, '');
INSERT INTO `badanswers` VALUES (100, 3, 134, '');
INSERT INTO `badanswers` VALUES (101, 5, 106, 'C');
INSERT INTO `badanswers` VALUES (102, 5, 124, 'B');
INSERT INTO `badanswers` VALUES (103, 5, 126, 'B');
INSERT INTO `badanswers` VALUES (104, 5, 103, 'B');
INSERT INTO `badanswers` VALUES (105, 5, 109, 'C');
INSERT INTO `badanswers` VALUES (106, 5, 44, 'C');
INSERT INTO `badanswers` VALUES (107, 5, 96, 'B');
INSERT INTO `badanswers` VALUES (108, 5, 93, 'C');
INSERT INTO `badanswers` VALUES (109, 5, 38, 'B');
INSERT INTO `badanswers` VALUES (110, 5, 128, 'B');
INSERT INTO `badanswers` VALUES (111, 5, 73, 'B');
INSERT INTO `badanswers` VALUES (112, 5, 55, 'C');
INSERT INTO `badanswers` VALUES (113, 5, 65, 'B;C');
INSERT INTO `badanswers` VALUES (114, 5, 62, 'B;C');
INSERT INTO `badanswers` VALUES (115, 5, 33, 'B');
INSERT INTO `badanswers` VALUES (116, 5, 50, 'B');
INSERT INTO `badanswers` VALUES (117, 5, 143, 'B');
INSERT INTO `badanswers` VALUES (118, 5, 86, 'B');
INSERT INTO `badanswers` VALUES (119, 5, 112, 'A');
INSERT INTO `badanswers` VALUES (120, 5, 84, 'A');
INSERT INTO `badanswers` VALUES (121, 5, 99, 'A');
INSERT INTO `badanswers` VALUES (122, 5, 118, 'A');
INSERT INTO `badanswers` VALUES (123, 5, 122, 'A');
INSERT INTO `badanswers` VALUES (124, 5, 135, 'A');
INSERT INTO `badanswers` VALUES (125, 5, 102, 'A');
INSERT INTO `badanswers` VALUES (126, 5, 101, 'A');
INSERT INTO `badanswers` VALUES (127, 5, 24, 'A');
INSERT INTO `badanswers` VALUES (128, 5, 89, 'A');
INSERT INTO `badanswers` VALUES (129, 5, 140, 'A');
INSERT INTO `badanswers` VALUES (130, 5, 3, 'A');
INSERT INTO `badanswers` VALUES (131, 5, 20, 'A');
INSERT INTO `badanswers` VALUES (132, 5, 63, 'A');
INSERT INTO `badanswers` VALUES (133, 5, 76, 'A');
INSERT INTO `badanswers` VALUES (134, 5, 15, 'A');
INSERT INTO `badanswers` VALUES (135, 5, 29, 'A');
INSERT INTO `badanswers` VALUES (136, 3, 66, '');
INSERT INTO `badanswers` VALUES (138, 3, 154, '');
INSERT INTO `badanswers` VALUES (141, 3, 168, '');
INSERT INTO `badanswers` VALUES (143, 3, 160, '');
INSERT INTO `badanswers` VALUES (144, 3, 98, '');
INSERT INTO `badanswers` VALUES (153, 3, 87, '');
INSERT INTO `badanswers` VALUES (155, 3, 105, '');
INSERT INTO `badanswers` VALUES (170, 3, 49, '');
INSERT INTO `badanswers` VALUES (179, 3, 70, '');
INSERT INTO `badanswers` VALUES (183, 3, 117, '');
INSERT INTO `badanswers` VALUES (190, 3, 51, '');
INSERT INTO `badanswers` VALUES (191, 3, 56, '');
INSERT INTO `badanswers` VALUES (198, 3, 173, '');
INSERT INTO `badanswers` VALUES (200, 3, 59, '');
INSERT INTO `badanswers` VALUES (203, 3, 129, '');
INSERT INTO `badanswers` VALUES (206, 3, 34, '');
INSERT INTO `badanswers` VALUES (207, 3, 23, '');
INSERT INTO `badanswers` VALUES (208, 3, 48, '');
INSERT INTO `badanswers` VALUES (209, 3, 74, '');
INSERT INTO `badanswers` VALUES (215, 3, 27, '');
INSERT INTO `badanswers` VALUES (229, 3, 176, '');
INSERT INTO `badanswers` VALUES (230, 3, 43, '');
INSERT INTO `badanswers` VALUES (234, 3, 138, '');
INSERT INTO `badanswers` VALUES (237, 3, 19, '');

-- ----------------------------
-- Table structure for category
-- ----------------------------
DROP TABLE IF EXISTS `category`;
CREATE TABLE `category`  (
  `id` int UNSIGNED NOT NULL AUTO_INCREMENT COMMENT '主键ID',
  `categoryName` varchar(255) CHARACTER SET utf8mb4 COLLATE utf8mb4_0900_ai_ci NOT NULL COMMENT '分类名称',
  `examQuestions` int UNSIGNED NOT NULL COMMENT '考试问题数量',
  `scorePerQuestion` double(10, 2) NOT NULL COMMENT '每题分数',
  PRIMARY KEY (`id`) USING BTREE,
  INDEX `category_name`(`categoryName`) USING BTREE
) ENGINE = InnoDB AUTO_INCREMENT = 35 CHARACTER SET = utf8mb4 COLLATE = utf8mb4_0900_ai_ci ROW_FORMAT = Dynamic;

-- ----------------------------
-- Records of category
-- ----------------------------
INSERT INTO `category` VALUES (1, '科目一', 100, 1.00);
INSERT INTO `category` VALUES (2, '科目二', 0, 0.00);
INSERT INTO `category` VALUES (3, '科目三', 0, 0.00);
INSERT INTO `category` VALUES (4, '科目四', 50, 2.00);

-- ----------------------------
-- Table structure for exam_detail
-- ----------------------------
DROP TABLE IF EXISTS `exam_detail`;
CREATE TABLE `exam_detail`  (
  `id` int UNSIGNED NOT NULL AUTO_INCREMENT COMMENT '主键ID',
  `userId` int UNSIGNED NOT NULL COMMENT '用户ID',
  `examId` int UNSIGNED NOT NULL COMMENT '考试ID',
  `questionId` int UNSIGNED NOT NULL COMMENT '问题ID',
  `myAnswer` varchar(255) CHARACTER SET utf8mb4 COLLATE utf8mb4_0900_ai_ci NOT NULL DEFAULT '' COMMENT '我的回答',
  PRIMARY KEY (`id`) USING BTREE,
  INDEX `examIdExam`(`examId`) USING BTREE,
  INDEX `questionIdExam`(`questionId`) USING BTREE,
  INDEX `userIdExam`(`userId`) USING BTREE,
  CONSTRAINT `examIdExam` FOREIGN KEY (`examId`) REFERENCES `exam_result` (`id`) ON DELETE CASCADE ON UPDATE RESTRICT,
  CONSTRAINT `questionIdExam` FOREIGN KEY (`questionId`) REFERENCES `questions` (`id`) ON DELETE CASCADE ON UPDATE RESTRICT,
  CONSTRAINT `userIdExam` FOREIGN KEY (`userId`) REFERENCES `users` (`id`) ON DELETE CASCADE ON UPDATE RESTRICT
) ENGINE = InnoDB AUTO_INCREMENT = 1435 CHARACTER SET = utf8mb4 COLLATE = utf8mb4_0900_ai_ci ROW_FORMAT = Dynamic;

-- ----------------------------
-- Records of exam_detail
-- ----------------------------
INSERT INTO `exam_detail` VALUES (1, 3, 3, 115, 'D');
INSERT INTO `exam_detail` VALUES (2, 3, 3, 35, 'A');
INSERT INTO `exam_detail` VALUES (3, 3, 3, 100, 'A');
INSERT INTO `exam_detail` VALUES (4, 3, 3, 133, 'A');
INSERT INTO `exam_detail` VALUES (5, 3, 3, 41, 'A');
INSERT INTO `exam_detail` VALUES (6, 3, 3, 7, 'A');
INSERT INTO `exam_detail` VALUES (7, 3, 3, 95, 'A');
INSERT INTO `exam_detail` VALUES (8, 3, 3, 94, 'A');
INSERT INTO `exam_detail` VALUES (9, 3, 3, 70, '');
INSERT INTO `exam_detail` VALUES (10, 3, 3, 31, '');
INSERT INTO `exam_detail` VALUES (11, 3, 3, 97, '');
INSERT INTO `exam_detail` VALUES (12, 3, 3, 23, '');
INSERT INTO `exam_detail` VALUES (13, 3, 3, 83, '');
INSERT INTO `exam_detail` VALUES (14, 3, 3, 68, '');
INSERT INTO `exam_detail` VALUES (15, 3, 3, 36, '');
INSERT INTO `exam_detail` VALUES (16, 3, 3, 148, '');
INSERT INTO `exam_detail` VALUES (17, 3, 3, 5, '');
INSERT INTO `exam_detail` VALUES (18, 3, 3, 149, '');
INSERT INTO `exam_detail` VALUES (19, 3, 3, 43, '');
INSERT INTO `exam_detail` VALUES (20, 3, 3, 74, '');
INSERT INTO `exam_detail` VALUES (21, 3, 3, 80, '');
INSERT INTO `exam_detail` VALUES (22, 3, 3, 22, '');
INSERT INTO `exam_detail` VALUES (23, 3, 3, 91, '');
INSERT INTO `exam_detail` VALUES (24, 3, 3, 47, '');
INSERT INTO `exam_detail` VALUES (25, 3, 3, 98, '');
INSERT INTO `exam_detail` VALUES (26, 3, 3, 48, '');
INSERT INTO `exam_detail` VALUES (27, 3, 3, 8, '');
INSERT INTO `exam_detail` VALUES (28, 3, 3, 77, '');
INSERT INTO `exam_detail` VALUES (29, 3, 3, 6, '');
INSERT INTO `exam_detail` VALUES (30, 3, 3, 30, '');
INSERT INTO `exam_detail` VALUES (31, 3, 3, 9, '');
INSERT INTO `exam_detail` VALUES (32, 3, 3, 58, '');
INSERT INTO `exam_detail` VALUES (33, 3, 3, 104, '');
INSERT INTO `exam_detail` VALUES (34, 3, 3, 123, '');
INSERT INTO `exam_detail` VALUES (35, 3, 3, 32, '');
INSERT INTO `exam_detail` VALUES (36, 3, 3, 26, '');
INSERT INTO `exam_detail` VALUES (37, 3, 3, 75, '');
INSERT INTO `exam_detail` VALUES (38, 3, 3, 85, '');
INSERT INTO `exam_detail` VALUES (39, 3, 3, 134, '');
INSERT INTO `exam_detail` VALUES (40, 3, 3, 125, '');
INSERT INTO `exam_detail` VALUES (41, 3, 3, 79, '');
INSERT INTO `exam_detail` VALUES (42, 3, 3, 54, '');
INSERT INTO `exam_detail` VALUES (43, 3, 3, 66, '');
INSERT INTO `exam_detail` VALUES (44, 3, 3, 42, '');
INSERT INTO `exam_detail` VALUES (45, 3, 3, 121, '');
INSERT INTO `exam_detail` VALUES (46, 3, 3, 16, '');
INSERT INTO `exam_detail` VALUES (47, 3, 3, 141, '');
INSERT INTO `exam_detail` VALUES (48, 3, 3, 138, '');
INSERT INTO `exam_detail` VALUES (49, 3, 3, 108, '');
INSERT INTO `exam_detail` VALUES (50, 3, 3, 60, '');
INSERT INTO `exam_detail` VALUES (51, 3, 3, 107, '');
INSERT INTO `exam_detail` VALUES (52, 3, 3, 40, '');
INSERT INTO `exam_detail` VALUES (53, 3, 3, 131, '');
INSERT INTO `exam_detail` VALUES (54, 3, 3, 12, '');
INSERT INTO `exam_detail` VALUES (55, 3, 3, 139, '');
INSERT INTO `exam_detail` VALUES (56, 3, 3, 56, '');
INSERT INTO `exam_detail` VALUES (57, 3, 3, 39, '');
INSERT INTO `exam_detail` VALUES (58, 3, 3, 34, '');
INSERT INTO `exam_detail` VALUES (59, 3, 3, 57, '');
INSERT INTO `exam_detail` VALUES (60, 3, 3, 18, '');
INSERT INTO `exam_detail` VALUES (61, 3, 3, 52, '');
INSERT INTO `exam_detail` VALUES (62, 3, 3, 87, '');
INSERT INTO `exam_detail` VALUES (63, 3, 3, 142, '');
INSERT INTO `exam_detail` VALUES (64, 3, 3, 46, '');
INSERT INTO `exam_detail` VALUES (65, 3, 3, 45, '');
INSERT INTO `exam_detail` VALUES (66, 3, 3, 119, '');
INSERT INTO `exam_detail` VALUES (67, 3, 3, 21, '');
INSERT INTO `exam_detail` VALUES (68, 3, 3, 113, '');
INSERT INTO `exam_detail` VALUES (69, 3, 3, 19, '');
INSERT INTO `exam_detail` VALUES (70, 3, 3, 2, '');
INSERT INTO `exam_detail` VALUES (71, 3, 3, 105, '');
INSERT INTO `exam_detail` VALUES (72, 3, 3, 49, '');
INSERT INTO `exam_detail` VALUES (73, 3, 3, 82, '');
INSERT INTO `exam_detail` VALUES (74, 3, 3, 92, '');
INSERT INTO `exam_detail` VALUES (75, 3, 3, 144, '');
INSERT INTO `exam_detail` VALUES (76, 3, 3, 51, '');
INSERT INTO `exam_detail` VALUES (77, 3, 3, 61, '');
INSERT INTO `exam_detail` VALUES (78, 3, 3, 10, '');
INSERT INTO `exam_detail` VALUES (79, 3, 3, 17, '');
INSERT INTO `exam_detail` VALUES (80, 3, 3, 90, '');
INSERT INTO `exam_detail` VALUES (81, 3, 3, 37, '');
INSERT INTO `exam_detail` VALUES (82, 3, 3, 110, '');
INSERT INTO `exam_detail` VALUES (83, 3, 3, 14, '');
INSERT INTO `exam_detail` VALUES (84, 3, 3, 28, '');
INSERT INTO `exam_detail` VALUES (85, 3, 3, 53, '');
INSERT INTO `exam_detail` VALUES (86, 3, 3, 4, '');
INSERT INTO `exam_detail` VALUES (87, 3, 3, 72, '');
INSERT INTO `exam_detail` VALUES (88, 3, 3, 146, '');
INSERT INTO `exam_detail` VALUES (89, 3, 3, 67, '');
INSERT INTO `exam_detail` VALUES (90, 3, 3, 59, '');
INSERT INTO `exam_detail` VALUES (91, 3, 3, 13, '');
INSERT INTO `exam_detail` VALUES (92, 3, 3, 117, '');
INSERT INTO `exam_detail` VALUES (93, 3, 3, 136, '');
INSERT INTO `exam_detail` VALUES (94, 3, 3, 88, '');
INSERT INTO `exam_detail` VALUES (95, 3, 3, 25, '');
INSERT INTO `exam_detail` VALUES (96, 3, 3, 129, '');
INSERT INTO `exam_detail` VALUES (97, 3, 3, 27, '');
INSERT INTO `exam_detail` VALUES (98, 3, 3, 11, '');
INSERT INTO `exam_detail` VALUES (99, 3, 4, 17, 'A');
INSERT INTO `exam_detail` VALUES (100, 3, 4, 22, 'A');
INSERT INTO `exam_detail` VALUES (101, 3, 4, 91, 'A');
INSERT INTO `exam_detail` VALUES (102, 3, 4, 56, 'A');
INSERT INTO `exam_detail` VALUES (103, 3, 4, 12, 'A');
INSERT INTO `exam_detail` VALUES (104, 3, 4, 123, 'A');
INSERT INTO `exam_detail` VALUES (105, 3, 4, 13, 'A');
INSERT INTO `exam_detail` VALUES (106, 3, 4, 4, '');
INSERT INTO `exam_detail` VALUES (107, 3, 4, 46, '');
INSERT INTO `exam_detail` VALUES (108, 3, 4, 19, '');
INSERT INTO `exam_detail` VALUES (109, 3, 4, 115, '');
INSERT INTO `exam_detail` VALUES (110, 3, 4, 94, '');
INSERT INTO `exam_detail` VALUES (111, 3, 4, 31, '');
INSERT INTO `exam_detail` VALUES (112, 3, 4, 5, '');
INSERT INTO `exam_detail` VALUES (113, 3, 4, 30, '');
INSERT INTO `exam_detail` VALUES (114, 3, 4, 47, '');
INSERT INTO `exam_detail` VALUES (115, 3, 4, 108, '');
INSERT INTO `exam_detail` VALUES (116, 3, 4, 95, '');
INSERT INTO `exam_detail` VALUES (117, 3, 4, 10, '');
INSERT INTO `exam_detail` VALUES (118, 3, 4, 141, '');
INSERT INTO `exam_detail` VALUES (119, 3, 4, 68, '');
INSERT INTO `exam_detail` VALUES (120, 3, 4, 54, '');
INSERT INTO `exam_detail` VALUES (121, 3, 4, 37, '');
INSERT INTO `exam_detail` VALUES (122, 3, 4, 36, '');
INSERT INTO `exam_detail` VALUES (123, 3, 4, 92, '');
INSERT INTO `exam_detail` VALUES (124, 3, 4, 60, '');
INSERT INTO `exam_detail` VALUES (125, 3, 4, 129, '');
INSERT INTO `exam_detail` VALUES (126, 3, 4, 49, '');
INSERT INTO `exam_detail` VALUES (127, 3, 4, 61, '');
INSERT INTO `exam_detail` VALUES (128, 3, 4, 125, '');
INSERT INTO `exam_detail` VALUES (129, 3, 4, 83, '');
INSERT INTO `exam_detail` VALUES (130, 3, 4, 133, '');
INSERT INTO `exam_detail` VALUES (131, 3, 4, 8, '');
INSERT INTO `exam_detail` VALUES (132, 3, 4, 59, '');
INSERT INTO `exam_detail` VALUES (133, 3, 4, 34, '');
INSERT INTO `exam_detail` VALUES (134, 3, 4, 107, '');
INSERT INTO `exam_detail` VALUES (135, 3, 4, 148, '');
INSERT INTO `exam_detail` VALUES (136, 3, 4, 134, '');
INSERT INTO `exam_detail` VALUES (137, 3, 4, 32, '');
INSERT INTO `exam_detail` VALUES (138, 3, 4, 85, '');
INSERT INTO `exam_detail` VALUES (139, 3, 4, 72, '');
INSERT INTO `exam_detail` VALUES (140, 3, 4, 70, '');
INSERT INTO `exam_detail` VALUES (141, 3, 4, 7, '');
INSERT INTO `exam_detail` VALUES (142, 3, 4, 131, '');
INSERT INTO `exam_detail` VALUES (143, 3, 4, 18, '');
INSERT INTO `exam_detail` VALUES (144, 3, 4, 9, '');
INSERT INTO `exam_detail` VALUES (145, 3, 4, 14, '');
INSERT INTO `exam_detail` VALUES (146, 3, 4, 39, '');
INSERT INTO `exam_detail` VALUES (147, 3, 4, 80, '');
INSERT INTO `exam_detail` VALUES (148, 3, 4, 21, '');
INSERT INTO `exam_detail` VALUES (149, 3, 4, 27, '');
INSERT INTO `exam_detail` VALUES (150, 3, 4, 97, '');
INSERT INTO `exam_detail` VALUES (151, 3, 4, 138, '');
INSERT INTO `exam_detail` VALUES (152, 3, 4, 42, '');
INSERT INTO `exam_detail` VALUES (153, 3, 4, 48, '');
INSERT INTO `exam_detail` VALUES (154, 3, 4, 23, '');
INSERT INTO `exam_detail` VALUES (155, 3, 4, 57, '');
INSERT INTO `exam_detail` VALUES (156, 3, 4, 6, '');
INSERT INTO `exam_detail` VALUES (157, 3, 4, 40, '');
INSERT INTO `exam_detail` VALUES (158, 3, 4, 90, '');
INSERT INTO `exam_detail` VALUES (159, 3, 4, 144, '');
INSERT INTO `exam_detail` VALUES (160, 3, 4, 146, '');
INSERT INTO `exam_detail` VALUES (161, 3, 4, 35, '');
INSERT INTO `exam_detail` VALUES (162, 3, 4, 77, '');
INSERT INTO `exam_detail` VALUES (163, 3, 4, 41, '');
INSERT INTO `exam_detail` VALUES (164, 3, 4, 43, '');
INSERT INTO `exam_detail` VALUES (165, 3, 4, 104, '');
INSERT INTO `exam_detail` VALUES (166, 3, 4, 88, '');
INSERT INTO `exam_detail` VALUES (167, 3, 4, 53, '');
INSERT INTO `exam_detail` VALUES (168, 3, 4, 51, '');
INSERT INTO `exam_detail` VALUES (169, 3, 4, 121, '');
INSERT INTO `exam_detail` VALUES (170, 3, 4, 11, '');
INSERT INTO `exam_detail` VALUES (171, 3, 4, 139, '');
INSERT INTO `exam_detail` VALUES (172, 3, 4, 82, '');
INSERT INTO `exam_detail` VALUES (173, 3, 4, 66, '');
INSERT INTO `exam_detail` VALUES (174, 3, 4, 52, '');
INSERT INTO `exam_detail` VALUES (175, 3, 4, 74, '');
INSERT INTO `exam_detail` VALUES (176, 3, 4, 75, '');
INSERT INTO `exam_detail` VALUES (177, 3, 4, 2, '');
INSERT INTO `exam_detail` VALUES (178, 3, 4, 58, '');
INSERT INTO `exam_detail` VALUES (179, 3, 4, 45, '');
INSERT INTO `exam_detail` VALUES (180, 3, 4, 26, '');
INSERT INTO `exam_detail` VALUES (181, 3, 4, 142, '');
INSERT INTO `exam_detail` VALUES (182, 3, 4, 100, '');
INSERT INTO `exam_detail` VALUES (183, 3, 4, 119, '');
INSERT INTO `exam_detail` VALUES (184, 3, 4, 117, '');
INSERT INTO `exam_detail` VALUES (185, 3, 4, 16, '');
INSERT INTO `exam_detail` VALUES (186, 3, 4, 98, '');
INSERT INTO `exam_detail` VALUES (187, 3, 4, 105, '');
INSERT INTO `exam_detail` VALUES (188, 3, 4, 149, '');
INSERT INTO `exam_detail` VALUES (189, 3, 4, 79, '');
INSERT INTO `exam_detail` VALUES (190, 3, 4, 67, '');
INSERT INTO `exam_detail` VALUES (191, 3, 4, 110, '');
INSERT INTO `exam_detail` VALUES (192, 3, 4, 25, '');
INSERT INTO `exam_detail` VALUES (193, 3, 4, 136, '');
INSERT INTO `exam_detail` VALUES (194, 3, 4, 28, '');
INSERT INTO `exam_detail` VALUES (195, 3, 4, 87, '');
INSERT INTO `exam_detail` VALUES (196, 3, 4, 113, '');
INSERT INTO `exam_detail` VALUES (197, 3, 5, 80, 'A');
INSERT INTO `exam_detail` VALUES (198, 3, 5, 149, 'A');
INSERT INTO `exam_detail` VALUES (199, 3, 5, 77, 'A');
INSERT INTO `exam_detail` VALUES (200, 3, 5, 146, 'A');
INSERT INTO `exam_detail` VALUES (201, 3, 5, 58, 'A');
INSERT INTO `exam_detail` VALUES (202, 3, 5, 21, 'A');
INSERT INTO `exam_detail` VALUES (203, 3, 5, 83, 'A');
INSERT INTO `exam_detail` VALUES (204, 3, 5, 28, 'A');
INSERT INTO `exam_detail` VALUES (205, 3, 5, 49, 'A');
INSERT INTO `exam_detail` VALUES (206, 3, 5, 23, 'A');
INSERT INTO `exam_detail` VALUES (207, 3, 5, 129, '');
INSERT INTO `exam_detail` VALUES (208, 3, 5, 119, '');
INSERT INTO `exam_detail` VALUES (209, 3, 5, 16, '');
INSERT INTO `exam_detail` VALUES (210, 3, 5, 25, '');
INSERT INTO `exam_detail` VALUES (211, 3, 5, 94, '');
INSERT INTO `exam_detail` VALUES (212, 3, 5, 57, '');
INSERT INTO `exam_detail` VALUES (213, 3, 5, 134, '');
INSERT INTO `exam_detail` VALUES (214, 3, 5, 36, '');
INSERT INTO `exam_detail` VALUES (215, 3, 5, 104, '');
INSERT INTO `exam_detail` VALUES (216, 3, 5, 2, '');
INSERT INTO `exam_detail` VALUES (217, 3, 5, 82, '');
INSERT INTO `exam_detail` VALUES (218, 3, 5, 11, '');
INSERT INTO `exam_detail` VALUES (219, 3, 5, 133, '');
INSERT INTO `exam_detail` VALUES (220, 3, 5, 70, '');
INSERT INTO `exam_detail` VALUES (221, 3, 5, 34, '');
INSERT INTO `exam_detail` VALUES (222, 3, 5, 139, '');
INSERT INTO `exam_detail` VALUES (223, 3, 5, 91, '');
INSERT INTO `exam_detail` VALUES (224, 3, 5, 136, '');
INSERT INTO `exam_detail` VALUES (225, 3, 5, 123, '');
INSERT INTO `exam_detail` VALUES (226, 3, 5, 97, '');
INSERT INTO `exam_detail` VALUES (227, 3, 5, 107, '');
INSERT INTO `exam_detail` VALUES (228, 3, 5, 19, '');
INSERT INTO `exam_detail` VALUES (229, 3, 5, 4, '');
INSERT INTO `exam_detail` VALUES (230, 3, 5, 108, '');
INSERT INTO `exam_detail` VALUES (231, 3, 5, 131, '');
INSERT INTO `exam_detail` VALUES (232, 3, 5, 8, '');
INSERT INTO `exam_detail` VALUES (233, 3, 5, 27, '');
INSERT INTO `exam_detail` VALUES (234, 3, 5, 13, '');
INSERT INTO `exam_detail` VALUES (235, 3, 5, 7, '');
INSERT INTO `exam_detail` VALUES (236, 3, 5, 47, '');
INSERT INTO `exam_detail` VALUES (237, 3, 5, 142, '');
INSERT INTO `exam_detail` VALUES (238, 3, 5, 105, '');
INSERT INTO `exam_detail` VALUES (239, 3, 5, 17, '');
INSERT INTO `exam_detail` VALUES (240, 3, 5, 30, '');
INSERT INTO `exam_detail` VALUES (241, 3, 5, 144, '');
INSERT INTO `exam_detail` VALUES (242, 3, 5, 14, '');
INSERT INTO `exam_detail` VALUES (243, 3, 5, 22, '');
INSERT INTO `exam_detail` VALUES (244, 3, 5, 74, '');
INSERT INTO `exam_detail` VALUES (245, 3, 5, 75, '');
INSERT INTO `exam_detail` VALUES (246, 3, 5, 18, '');
INSERT INTO `exam_detail` VALUES (247, 3, 5, 32, '');
INSERT INTO `exam_detail` VALUES (248, 3, 5, 68, '');
INSERT INTO `exam_detail` VALUES (249, 3, 5, 121, '');
INSERT INTO `exam_detail` VALUES (250, 3, 5, 39, '');
INSERT INTO `exam_detail` VALUES (251, 3, 5, 59, '');
INSERT INTO `exam_detail` VALUES (252, 3, 5, 9, '');
INSERT INTO `exam_detail` VALUES (253, 3, 5, 95, '');
INSERT INTO `exam_detail` VALUES (254, 3, 5, 54, '');
INSERT INTO `exam_detail` VALUES (255, 3, 5, 26, '');
INSERT INTO `exam_detail` VALUES (256, 3, 5, 79, '');
INSERT INTO `exam_detail` VALUES (257, 3, 5, 51, '');
INSERT INTO `exam_detail` VALUES (258, 3, 5, 37, '');
INSERT INTO `exam_detail` VALUES (259, 3, 5, 72, '');
INSERT INTO `exam_detail` VALUES (260, 3, 5, 48, '');
INSERT INTO `exam_detail` VALUES (261, 3, 5, 88, '');
INSERT INTO `exam_detail` VALUES (262, 3, 5, 60, '');
INSERT INTO `exam_detail` VALUES (263, 3, 5, 41, '');
INSERT INTO `exam_detail` VALUES (264, 3, 5, 117, '');
INSERT INTO `exam_detail` VALUES (265, 3, 5, 31, '');
INSERT INTO `exam_detail` VALUES (266, 3, 5, 43, '');
INSERT INTO `exam_detail` VALUES (267, 3, 5, 46, '');
INSERT INTO `exam_detail` VALUES (268, 3, 5, 98, '');
INSERT INTO `exam_detail` VALUES (269, 3, 5, 110, '');
INSERT INTO `exam_detail` VALUES (270, 3, 5, 52, '');
INSERT INTO `exam_detail` VALUES (271, 3, 5, 61, '');
INSERT INTO `exam_detail` VALUES (272, 3, 5, 10, '');
INSERT INTO `exam_detail` VALUES (273, 3, 5, 35, '');
INSERT INTO `exam_detail` VALUES (274, 3, 5, 45, '');
INSERT INTO `exam_detail` VALUES (275, 3, 5, 67, '');
INSERT INTO `exam_detail` VALUES (276, 3, 5, 125, '');
INSERT INTO `exam_detail` VALUES (277, 3, 5, 92, '');
INSERT INTO `exam_detail` VALUES (278, 3, 5, 12, '');
INSERT INTO `exam_detail` VALUES (279, 3, 5, 148, '');
INSERT INTO `exam_detail` VALUES (280, 3, 5, 138, '');
INSERT INTO `exam_detail` VALUES (281, 3, 5, 85, '');
INSERT INTO `exam_detail` VALUES (282, 3, 5, 113, '');
INSERT INTO `exam_detail` VALUES (283, 3, 5, 66, '');
INSERT INTO `exam_detail` VALUES (284, 3, 5, 87, '');
INSERT INTO `exam_detail` VALUES (285, 3, 5, 141, '');
INSERT INTO `exam_detail` VALUES (286, 3, 5, 115, '');
INSERT INTO `exam_detail` VALUES (287, 3, 5, 90, '');
INSERT INTO `exam_detail` VALUES (288, 3, 5, 6, '');
INSERT INTO `exam_detail` VALUES (289, 3, 5, 40, '');
INSERT INTO `exam_detail` VALUES (290, 3, 5, 100, '');
INSERT INTO `exam_detail` VALUES (291, 3, 5, 5, '');
INSERT INTO `exam_detail` VALUES (292, 3, 5, 53, '');
INSERT INTO `exam_detail` VALUES (293, 3, 5, 42, '');
INSERT INTO `exam_detail` VALUES (294, 3, 5, 56, '');
INSERT INTO `exam_detail` VALUES (295, 3, 6, 26, 'A');
INSERT INTO `exam_detail` VALUES (296, 3, 6, 14, 'A');
INSERT INTO `exam_detail` VALUES (297, 3, 6, 142, 'A');
INSERT INTO `exam_detail` VALUES (298, 3, 6, 49, 'A');
INSERT INTO `exam_detail` VALUES (299, 3, 6, 119, 'A');
INSERT INTO `exam_detail` VALUES (300, 3, 6, 52, '');
INSERT INTO `exam_detail` VALUES (301, 3, 6, 43, '');
INSERT INTO `exam_detail` VALUES (302, 3, 6, 42, '');
INSERT INTO `exam_detail` VALUES (303, 3, 6, 108, '');
INSERT INTO `exam_detail` VALUES (304, 3, 6, 45, '');
INSERT INTO `exam_detail` VALUES (305, 3, 6, 48, '');
INSERT INTO `exam_detail` VALUES (306, 3, 6, 30, '');
INSERT INTO `exam_detail` VALUES (307, 3, 6, 17, '');
INSERT INTO `exam_detail` VALUES (308, 3, 6, 115, '');
INSERT INTO `exam_detail` VALUES (309, 3, 6, 113, '');
INSERT INTO `exam_detail` VALUES (310, 3, 6, 107, '');
INSERT INTO `exam_detail` VALUES (311, 3, 6, 36, '');
INSERT INTO `exam_detail` VALUES (312, 3, 6, 47, '');
INSERT INTO `exam_detail` VALUES (313, 3, 6, 94, '');
INSERT INTO `exam_detail` VALUES (314, 3, 6, 34, '');
INSERT INTO `exam_detail` VALUES (315, 3, 6, 57, '');
INSERT INTO `exam_detail` VALUES (316, 3, 6, 83, '');
INSERT INTO `exam_detail` VALUES (317, 3, 6, 16, '');
INSERT INTO `exam_detail` VALUES (318, 3, 6, 91, '');
INSERT INTO `exam_detail` VALUES (319, 3, 6, 37, '');
INSERT INTO `exam_detail` VALUES (320, 3, 6, 8, '');
INSERT INTO `exam_detail` VALUES (321, 3, 6, 61, '');
INSERT INTO `exam_detail` VALUES (322, 3, 6, 74, '');
INSERT INTO `exam_detail` VALUES (323, 3, 6, 56, '');
INSERT INTO `exam_detail` VALUES (324, 3, 6, 11, '');
INSERT INTO `exam_detail` VALUES (325, 3, 6, 46, '');
INSERT INTO `exam_detail` VALUES (326, 3, 6, 117, '');
INSERT INTO `exam_detail` VALUES (327, 3, 6, 28, '');
INSERT INTO `exam_detail` VALUES (328, 3, 6, 138, '');
INSERT INTO `exam_detail` VALUES (329, 3, 6, 131, '');
INSERT INTO `exam_detail` VALUES (330, 3, 6, 58, '');
INSERT INTO `exam_detail` VALUES (331, 3, 6, 121, '');
INSERT INTO `exam_detail` VALUES (332, 3, 6, 134, '');
INSERT INTO `exam_detail` VALUES (333, 3, 6, 5, '');
INSERT INTO `exam_detail` VALUES (334, 3, 6, 92, '');
INSERT INTO `exam_detail` VALUES (335, 3, 6, 22, '');
INSERT INTO `exam_detail` VALUES (336, 3, 6, 67, '');
INSERT INTO `exam_detail` VALUES (337, 3, 6, 70, '');
INSERT INTO `exam_detail` VALUES (338, 3, 6, 77, '');
INSERT INTO `exam_detail` VALUES (339, 3, 6, 41, '');
INSERT INTO `exam_detail` VALUES (340, 3, 6, 27, '');
INSERT INTO `exam_detail` VALUES (341, 3, 6, 100, '');
INSERT INTO `exam_detail` VALUES (342, 3, 6, 2, '');
INSERT INTO `exam_detail` VALUES (343, 3, 6, 72, '');
INSERT INTO `exam_detail` VALUES (344, 3, 6, 85, '');
INSERT INTO `exam_detail` VALUES (345, 3, 6, 32, '');
INSERT INTO `exam_detail` VALUES (346, 3, 6, 25, '');
INSERT INTO `exam_detail` VALUES (347, 3, 6, 123, '');
INSERT INTO `exam_detail` VALUES (348, 3, 6, 68, '');
INSERT INTO `exam_detail` VALUES (349, 3, 6, 23, '');
INSERT INTO `exam_detail` VALUES (350, 3, 6, 141, '');
INSERT INTO `exam_detail` VALUES (351, 3, 6, 19, '');
INSERT INTO `exam_detail` VALUES (352, 3, 6, 144, '');
INSERT INTO `exam_detail` VALUES (353, 3, 6, 35, '');
INSERT INTO `exam_detail` VALUES (354, 3, 6, 10, '');
INSERT INTO `exam_detail` VALUES (355, 3, 6, 6, '');
INSERT INTO `exam_detail` VALUES (356, 3, 6, 105, '');
INSERT INTO `exam_detail` VALUES (357, 3, 6, 79, '');
INSERT INTO `exam_detail` VALUES (358, 3, 6, 104, '');
INSERT INTO `exam_detail` VALUES (359, 3, 6, 98, '');
INSERT INTO `exam_detail` VALUES (360, 3, 6, 13, '');
INSERT INTO `exam_detail` VALUES (361, 3, 6, 88, '');
INSERT INTO `exam_detail` VALUES (362, 3, 6, 90, '');
INSERT INTO `exam_detail` VALUES (363, 3, 6, 125, '');
INSERT INTO `exam_detail` VALUES (364, 3, 6, 129, '');
INSERT INTO `exam_detail` VALUES (365, 3, 6, 133, '');
INSERT INTO `exam_detail` VALUES (366, 3, 6, 39, '');
INSERT INTO `exam_detail` VALUES (367, 3, 6, 12, '');
INSERT INTO `exam_detail` VALUES (368, 3, 6, 146, '');
INSERT INTO `exam_detail` VALUES (369, 3, 6, 40, '');
INSERT INTO `exam_detail` VALUES (370, 3, 6, 54, '');
INSERT INTO `exam_detail` VALUES (371, 3, 6, 80, '');
INSERT INTO `exam_detail` VALUES (372, 3, 6, 4, '');
INSERT INTO `exam_detail` VALUES (373, 3, 6, 53, '');
INSERT INTO `exam_detail` VALUES (374, 3, 6, 31, '');
INSERT INTO `exam_detail` VALUES (375, 3, 6, 148, '');
INSERT INTO `exam_detail` VALUES (376, 3, 6, 7, '');
INSERT INTO `exam_detail` VALUES (377, 3, 6, 21, '');
INSERT INTO `exam_detail` VALUES (378, 3, 6, 87, '');
INSERT INTO `exam_detail` VALUES (379, 3, 6, 60, '');
INSERT INTO `exam_detail` VALUES (380, 3, 6, 51, '');
INSERT INTO `exam_detail` VALUES (381, 3, 6, 66, '');
INSERT INTO `exam_detail` VALUES (382, 3, 6, 75, '');
INSERT INTO `exam_detail` VALUES (383, 3, 6, 97, '');
INSERT INTO `exam_detail` VALUES (384, 3, 6, 9, '');
INSERT INTO `exam_detail` VALUES (385, 3, 6, 110, '');
INSERT INTO `exam_detail` VALUES (386, 3, 6, 136, '');
INSERT INTO `exam_detail` VALUES (387, 3, 6, 82, '');
INSERT INTO `exam_detail` VALUES (388, 3, 6, 139, '');
INSERT INTO `exam_detail` VALUES (389, 3, 6, 95, '');
INSERT INTO `exam_detail` VALUES (390, 3, 6, 149, '');
INSERT INTO `exam_detail` VALUES (391, 3, 6, 59, '');
INSERT INTO `exam_detail` VALUES (392, 3, 6, 18, '');
INSERT INTO `exam_detail` VALUES (393, 3, 7, 27, 'A');
INSERT INTO `exam_detail` VALUES (394, 3, 7, 129, 'A');
INSERT INTO `exam_detail` VALUES (395, 3, 7, 39, 'A');
INSERT INTO `exam_detail` VALUES (396, 3, 7, 138, 'A');
INSERT INTO `exam_detail` VALUES (397, 3, 7, 51, 'A');
INSERT INTO `exam_detail` VALUES (398, 3, 7, 149, '');
INSERT INTO `exam_detail` VALUES (399, 3, 7, 19, '');
INSERT INTO `exam_detail` VALUES (400, 3, 7, 14, '');
INSERT INTO `exam_detail` VALUES (401, 3, 7, 42, '');
INSERT INTO `exam_detail` VALUES (402, 3, 7, 31, '');
INSERT INTO `exam_detail` VALUES (403, 3, 7, 60, '');
INSERT INTO `exam_detail` VALUES (404, 3, 7, 70, '');
INSERT INTO `exam_detail` VALUES (405, 3, 7, 83, '');
INSERT INTO `exam_detail` VALUES (406, 3, 7, 133, '');
INSERT INTO `exam_detail` VALUES (407, 3, 7, 49, '');
INSERT INTO `exam_detail` VALUES (408, 3, 7, 148, '');
INSERT INTO `exam_detail` VALUES (409, 3, 7, 67, '');
INSERT INTO `exam_detail` VALUES (410, 3, 7, 7, '');
INSERT INTO `exam_detail` VALUES (411, 3, 7, 91, '');
INSERT INTO `exam_detail` VALUES (412, 3, 7, 34, '');
INSERT INTO `exam_detail` VALUES (413, 3, 7, 79, '');
INSERT INTO `exam_detail` VALUES (414, 3, 7, 92, '');
INSERT INTO `exam_detail` VALUES (415, 3, 7, 30, '');
INSERT INTO `exam_detail` VALUES (416, 3, 7, 6, '');
INSERT INTO `exam_detail` VALUES (417, 3, 7, 45, '');
INSERT INTO `exam_detail` VALUES (418, 3, 7, 57, '');
INSERT INTO `exam_detail` VALUES (419, 3, 7, 8, '');
INSERT INTO `exam_detail` VALUES (420, 3, 7, 107, '');
INSERT INTO `exam_detail` VALUES (421, 3, 7, 139, '');
INSERT INTO `exam_detail` VALUES (422, 3, 7, 35, '');
INSERT INTO `exam_detail` VALUES (423, 3, 7, 141, '');
INSERT INTO `exam_detail` VALUES (424, 3, 7, 123, '');
INSERT INTO `exam_detail` VALUES (425, 3, 7, 117, '');
INSERT INTO `exam_detail` VALUES (426, 3, 7, 144, '');
INSERT INTO `exam_detail` VALUES (427, 3, 7, 119, '');
INSERT INTO `exam_detail` VALUES (428, 3, 7, 13, '');
INSERT INTO `exam_detail` VALUES (429, 3, 7, 23, '');
INSERT INTO `exam_detail` VALUES (430, 3, 7, 104, '');
INSERT INTO `exam_detail` VALUES (431, 3, 7, 25, '');
INSERT INTO `exam_detail` VALUES (432, 3, 7, 66, '');
INSERT INTO `exam_detail` VALUES (433, 3, 7, 115, '');
INSERT INTO `exam_detail` VALUES (434, 3, 7, 16, '');
INSERT INTO `exam_detail` VALUES (435, 3, 7, 134, '');
INSERT INTO `exam_detail` VALUES (436, 3, 7, 131, '');
INSERT INTO `exam_detail` VALUES (437, 3, 7, 87, '');
INSERT INTO `exam_detail` VALUES (438, 3, 7, 80, '');
INSERT INTO `exam_detail` VALUES (439, 3, 7, 11, '');
INSERT INTO `exam_detail` VALUES (440, 3, 7, 72, '');
INSERT INTO `exam_detail` VALUES (441, 3, 7, 105, '');
INSERT INTO `exam_detail` VALUES (442, 3, 7, 75, '');
INSERT INTO `exam_detail` VALUES (443, 3, 7, 43, '');
INSERT INTO `exam_detail` VALUES (444, 3, 7, 94, '');
INSERT INTO `exam_detail` VALUES (445, 3, 7, 37, '');
INSERT INTO `exam_detail` VALUES (446, 3, 7, 59, '');
INSERT INTO `exam_detail` VALUES (447, 3, 7, 77, '');
INSERT INTO `exam_detail` VALUES (448, 3, 7, 12, '');
INSERT INTO `exam_detail` VALUES (449, 3, 7, 85, '');
INSERT INTO `exam_detail` VALUES (450, 3, 7, 125, '');
INSERT INTO `exam_detail` VALUES (451, 3, 7, 88, '');
INSERT INTO `exam_detail` VALUES (452, 3, 7, 90, '');
INSERT INTO `exam_detail` VALUES (453, 3, 7, 21, '');
INSERT INTO `exam_detail` VALUES (454, 3, 7, 48, '');
INSERT INTO `exam_detail` VALUES (455, 3, 7, 146, '');
INSERT INTO `exam_detail` VALUES (456, 3, 7, 40, '');
INSERT INTO `exam_detail` VALUES (457, 3, 7, 2, '');
INSERT INTO `exam_detail` VALUES (458, 3, 7, 142, '');
INSERT INTO `exam_detail` VALUES (459, 3, 7, 53, '');
INSERT INTO `exam_detail` VALUES (460, 3, 7, 121, '');
INSERT INTO `exam_detail` VALUES (461, 3, 7, 28, '');
INSERT INTO `exam_detail` VALUES (462, 3, 7, 136, '');
INSERT INTO `exam_detail` VALUES (463, 3, 7, 5, '');
INSERT INTO `exam_detail` VALUES (464, 3, 7, 82, '');
INSERT INTO `exam_detail` VALUES (465, 3, 7, 4, '');
INSERT INTO `exam_detail` VALUES (466, 3, 7, 110, '');
INSERT INTO `exam_detail` VALUES (467, 3, 7, 68, '');
INSERT INTO `exam_detail` VALUES (468, 3, 7, 46, '');
INSERT INTO `exam_detail` VALUES (469, 3, 7, 9, '');
INSERT INTO `exam_detail` VALUES (470, 3, 7, 52, '');
INSERT INTO `exam_detail` VALUES (471, 3, 7, 56, '');
INSERT INTO `exam_detail` VALUES (472, 3, 7, 100, '');
INSERT INTO `exam_detail` VALUES (473, 3, 7, 17, '');
INSERT INTO `exam_detail` VALUES (474, 3, 7, 22, '');
INSERT INTO `exam_detail` VALUES (475, 3, 7, 26, '');
INSERT INTO `exam_detail` VALUES (476, 3, 7, 58, '');
INSERT INTO `exam_detail` VALUES (477, 3, 7, 36, '');
INSERT INTO `exam_detail` VALUES (478, 3, 7, 95, '');
INSERT INTO `exam_detail` VALUES (479, 3, 7, 32, '');
INSERT INTO `exam_detail` VALUES (480, 3, 7, 108, '');
INSERT INTO `exam_detail` VALUES (481, 3, 7, 98, '');
INSERT INTO `exam_detail` VALUES (482, 3, 7, 18, '');
INSERT INTO `exam_detail` VALUES (483, 3, 7, 97, '');
INSERT INTO `exam_detail` VALUES (484, 3, 7, 113, '');
INSERT INTO `exam_detail` VALUES (485, 3, 7, 10, '');
INSERT INTO `exam_detail` VALUES (486, 3, 7, 61, '');
INSERT INTO `exam_detail` VALUES (487, 3, 7, 54, '');
INSERT INTO `exam_detail` VALUES (488, 3, 7, 47, '');
INSERT INTO `exam_detail` VALUES (489, 3, 7, 74, '');
INSERT INTO `exam_detail` VALUES (490, 3, 7, 41, '');
INSERT INTO `exam_detail` VALUES (491, 3, 8, 136, 'A');
INSERT INTO `exam_detail` VALUES (492, 3, 8, 113, 'A');
INSERT INTO `exam_detail` VALUES (493, 3, 8, 34, 'B');
INSERT INTO `exam_detail` VALUES (494, 3, 8, 59, 'A');
INSERT INTO `exam_detail` VALUES (495, 3, 8, 60, 'A');
INSERT INTO `exam_detail` VALUES (496, 3, 8, 51, 'A');
INSERT INTO `exam_detail` VALUES (497, 3, 8, 58, '');
INSERT INTO `exam_detail` VALUES (498, 3, 8, 57, '');
INSERT INTO `exam_detail` VALUES (499, 3, 8, 61, '');
INSERT INTO `exam_detail` VALUES (500, 3, 8, 90, '');
INSERT INTO `exam_detail` VALUES (501, 3, 8, 56, '');
INSERT INTO `exam_detail` VALUES (502, 3, 8, 74, '');
INSERT INTO `exam_detail` VALUES (503, 3, 8, 2, '');
INSERT INTO `exam_detail` VALUES (504, 3, 8, 100, '');
INSERT INTO `exam_detail` VALUES (505, 3, 8, 9, '');
INSERT INTO `exam_detail` VALUES (506, 3, 8, 41, '');
INSERT INTO `exam_detail` VALUES (507, 3, 8, 121, '');
INSERT INTO `exam_detail` VALUES (508, 3, 8, 66, '');
INSERT INTO `exam_detail` VALUES (509, 3, 8, 133, '');
INSERT INTO `exam_detail` VALUES (510, 3, 8, 39, '');
INSERT INTO `exam_detail` VALUES (511, 3, 8, 37, '');
INSERT INTO `exam_detail` VALUES (512, 3, 8, 7, '');
INSERT INTO `exam_detail` VALUES (513, 3, 8, 91, '');
INSERT INTO `exam_detail` VALUES (514, 3, 8, 6, '');
INSERT INTO `exam_detail` VALUES (515, 3, 8, 97, '');
INSERT INTO `exam_detail` VALUES (516, 3, 8, 11, '');
INSERT INTO `exam_detail` VALUES (517, 3, 8, 36, '');
INSERT INTO `exam_detail` VALUES (518, 3, 8, 110, '');
INSERT INTO `exam_detail` VALUES (519, 3, 8, 16, '');
INSERT INTO `exam_detail` VALUES (520, 3, 8, 77, '');
INSERT INTO `exam_detail` VALUES (521, 3, 8, 79, '');
INSERT INTO `exam_detail` VALUES (522, 3, 8, 40, '');
INSERT INTO `exam_detail` VALUES (523, 3, 8, 115, '');
INSERT INTO `exam_detail` VALUES (524, 3, 8, 13, '');
INSERT INTO `exam_detail` VALUES (525, 3, 8, 88, '');
INSERT INTO `exam_detail` VALUES (526, 3, 8, 8, '');
INSERT INTO `exam_detail` VALUES (527, 3, 8, 82, '');
INSERT INTO `exam_detail` VALUES (528, 3, 8, 49, '');
INSERT INTO `exam_detail` VALUES (529, 3, 8, 54, '');
INSERT INTO `exam_detail` VALUES (530, 3, 8, 25, '');
INSERT INTO `exam_detail` VALUES (531, 3, 8, 26, '');
INSERT INTO `exam_detail` VALUES (532, 3, 8, 146, '');
INSERT INTO `exam_detail` VALUES (533, 3, 8, 144, '');
INSERT INTO `exam_detail` VALUES (534, 3, 8, 68, '');
INSERT INTO `exam_detail` VALUES (535, 3, 8, 70, '');
INSERT INTO `exam_detail` VALUES (536, 3, 8, 21, '');
INSERT INTO `exam_detail` VALUES (537, 3, 8, 43, '');
INSERT INTO `exam_detail` VALUES (538, 3, 8, 46, '');
INSERT INTO `exam_detail` VALUES (539, 3, 8, 85, '');
INSERT INTO `exam_detail` VALUES (540, 3, 8, 107, '');
INSERT INTO `exam_detail` VALUES (541, 3, 8, 141, '');
INSERT INTO `exam_detail` VALUES (542, 3, 8, 149, '');
INSERT INTO `exam_detail` VALUES (543, 3, 8, 134, '');
INSERT INTO `exam_detail` VALUES (544, 3, 8, 10, '');
INSERT INTO `exam_detail` VALUES (545, 3, 8, 19, '');
INSERT INTO `exam_detail` VALUES (546, 3, 8, 138, '');
INSERT INTO `exam_detail` VALUES (547, 3, 8, 87, '');
INSERT INTO `exam_detail` VALUES (548, 3, 8, 42, '');
INSERT INTO `exam_detail` VALUES (549, 3, 8, 98, '');
INSERT INTO `exam_detail` VALUES (550, 3, 8, 105, '');
INSERT INTO `exam_detail` VALUES (551, 3, 8, 129, '');
INSERT INTO `exam_detail` VALUES (552, 3, 8, 45, '');
INSERT INTO `exam_detail` VALUES (553, 3, 8, 67, '');
INSERT INTO `exam_detail` VALUES (554, 3, 8, 142, '');
INSERT INTO `exam_detail` VALUES (555, 3, 8, 117, '');
INSERT INTO `exam_detail` VALUES (556, 3, 8, 123, '');
INSERT INTO `exam_detail` VALUES (557, 3, 8, 47, '');
INSERT INTO `exam_detail` VALUES (558, 3, 8, 12, '');
INSERT INTO `exam_detail` VALUES (559, 3, 8, 139, '');
INSERT INTO `exam_detail` VALUES (560, 3, 8, 22, '');
INSERT INTO `exam_detail` VALUES (561, 3, 8, 48, '');
INSERT INTO `exam_detail` VALUES (562, 3, 8, 53, '');
INSERT INTO `exam_detail` VALUES (563, 3, 8, 80, '');
INSERT INTO `exam_detail` VALUES (564, 3, 8, 35, '');
INSERT INTO `exam_detail` VALUES (565, 3, 8, 125, '');
INSERT INTO `exam_detail` VALUES (566, 3, 8, 31, '');
INSERT INTO `exam_detail` VALUES (567, 3, 8, 94, '');
INSERT INTO `exam_detail` VALUES (568, 3, 8, 75, '');
INSERT INTO `exam_detail` VALUES (569, 3, 8, 17, '');
INSERT INTO `exam_detail` VALUES (570, 3, 8, 18, '');
INSERT INTO `exam_detail` VALUES (571, 3, 8, 108, '');
INSERT INTO `exam_detail` VALUES (572, 3, 8, 148, '');
INSERT INTO `exam_detail` VALUES (573, 3, 8, 104, '');
INSERT INTO `exam_detail` VALUES (574, 3, 8, 131, '');
INSERT INTO `exam_detail` VALUES (575, 3, 8, 32, '');
INSERT INTO `exam_detail` VALUES (576, 3, 8, 27, '');
INSERT INTO `exam_detail` VALUES (577, 3, 8, 4, '');
INSERT INTO `exam_detail` VALUES (578, 3, 8, 14, '');
INSERT INTO `exam_detail` VALUES (579, 3, 8, 30, '');
INSERT INTO `exam_detail` VALUES (580, 3, 8, 92, '');
INSERT INTO `exam_detail` VALUES (581, 3, 8, 95, '');
INSERT INTO `exam_detail` VALUES (582, 3, 8, 28, '');
INSERT INTO `exam_detail` VALUES (583, 3, 8, 23, '');
INSERT INTO `exam_detail` VALUES (584, 3, 8, 72, '');
INSERT INTO `exam_detail` VALUES (585, 3, 8, 83, '');
INSERT INTO `exam_detail` VALUES (586, 3, 8, 5, '');
INSERT INTO `exam_detail` VALUES (587, 3, 8, 52, '');
INSERT INTO `exam_detail` VALUES (588, 3, 8, 119, '');
INSERT INTO `exam_detail` VALUES (589, 3, 9, 129, 'A');
INSERT INTO `exam_detail` VALUES (590, 3, 9, 66, 'A');
INSERT INTO `exam_detail` VALUES (591, 3, 9, 41, 'A');
INSERT INTO `exam_detail` VALUES (592, 3, 9, 28, 'A');
INSERT INTO `exam_detail` VALUES (593, 3, 9, 146, 'A;B;C;D');
INSERT INTO `exam_detail` VALUES (594, 3, 9, 7, 'A');
INSERT INTO `exam_detail` VALUES (595, 3, 9, 6, 'B');
INSERT INTO `exam_detail` VALUES (596, 3, 9, 12, 'A');
INSERT INTO `exam_detail` VALUES (597, 3, 9, 53, 'B');
INSERT INTO `exam_detail` VALUES (598, 3, 9, 5, '');
INSERT INTO `exam_detail` VALUES (599, 3, 9, 14, '');
INSERT INTO `exam_detail` VALUES (600, 3, 9, 40, '');
INSERT INTO `exam_detail` VALUES (601, 3, 9, 8, '');
INSERT INTO `exam_detail` VALUES (602, 3, 9, 115, '');
INSERT INTO `exam_detail` VALUES (603, 3, 9, 18, '');
INSERT INTO `exam_detail` VALUES (604, 3, 9, 45, '');
INSERT INTO `exam_detail` VALUES (605, 3, 9, 138, '');
INSERT INTO `exam_detail` VALUES (606, 3, 9, 49, '');
INSERT INTO `exam_detail` VALUES (607, 3, 9, 117, '');
INSERT INTO `exam_detail` VALUES (608, 3, 9, 70, '');
INSERT INTO `exam_detail` VALUES (609, 3, 9, 68, '');
INSERT INTO `exam_detail` VALUES (610, 3, 9, 39, '');
INSERT INTO `exam_detail` VALUES (611, 3, 9, 79, '');
INSERT INTO `exam_detail` VALUES (612, 3, 9, 139, '');
INSERT INTO `exam_detail` VALUES (613, 3, 9, 52, '');
INSERT INTO `exam_detail` VALUES (614, 3, 9, 22, '');
INSERT INTO `exam_detail` VALUES (615, 3, 9, 57, '');
INSERT INTO `exam_detail` VALUES (616, 3, 9, 67, '');
INSERT INTO `exam_detail` VALUES (617, 3, 9, 35, '');
INSERT INTO `exam_detail` VALUES (618, 3, 9, 97, '');
INSERT INTO `exam_detail` VALUES (619, 3, 9, 95, '');
INSERT INTO `exam_detail` VALUES (620, 3, 9, 72, '');
INSERT INTO `exam_detail` VALUES (621, 3, 9, 37, '');
INSERT INTO `exam_detail` VALUES (622, 3, 9, 32, '');
INSERT INTO `exam_detail` VALUES (623, 3, 9, 87, '');
INSERT INTO `exam_detail` VALUES (624, 3, 9, 80, '');
INSERT INTO `exam_detail` VALUES (625, 3, 9, 58, '');
INSERT INTO `exam_detail` VALUES (626, 3, 9, 51, '');
INSERT INTO `exam_detail` VALUES (627, 3, 9, 90, '');
INSERT INTO `exam_detail` VALUES (628, 3, 9, 17, '');
INSERT INTO `exam_detail` VALUES (629, 3, 9, 91, '');
INSERT INTO `exam_detail` VALUES (630, 3, 9, 121, '');
INSERT INTO `exam_detail` VALUES (631, 3, 9, 119, '');
INSERT INTO `exam_detail` VALUES (632, 3, 9, 85, '');
INSERT INTO `exam_detail` VALUES (633, 3, 9, 148, '');
INSERT INTO `exam_detail` VALUES (634, 3, 9, 36, '');
INSERT INTO `exam_detail` VALUES (635, 3, 9, 125, '');
INSERT INTO `exam_detail` VALUES (636, 3, 9, 9, '');
INSERT INTO `exam_detail` VALUES (637, 3, 9, 88, '');
INSERT INTO `exam_detail` VALUES (638, 3, 9, 107, '');
INSERT INTO `exam_detail` VALUES (639, 3, 9, 136, '');
INSERT INTO `exam_detail` VALUES (640, 3, 9, 113, '');
INSERT INTO `exam_detail` VALUES (641, 3, 9, 16, '');
INSERT INTO `exam_detail` VALUES (642, 3, 9, 98, '');
INSERT INTO `exam_detail` VALUES (643, 3, 9, 77, '');
INSERT INTO `exam_detail` VALUES (644, 3, 9, 142, '');
INSERT INTO `exam_detail` VALUES (645, 3, 9, 26, '');
INSERT INTO `exam_detail` VALUES (646, 3, 9, 61, '');
INSERT INTO `exam_detail` VALUES (647, 3, 9, 31, '');
INSERT INTO `exam_detail` VALUES (648, 3, 9, 34, '');
INSERT INTO `exam_detail` VALUES (649, 3, 9, 141, '');
INSERT INTO `exam_detail` VALUES (650, 3, 9, 19, '');
INSERT INTO `exam_detail` VALUES (651, 3, 9, 2, '');
INSERT INTO `exam_detail` VALUES (652, 3, 9, 43, '');
INSERT INTO `exam_detail` VALUES (653, 3, 9, 46, '');
INSERT INTO `exam_detail` VALUES (654, 3, 9, 13, '');
INSERT INTO `exam_detail` VALUES (655, 3, 9, 60, '');
INSERT INTO `exam_detail` VALUES (656, 3, 9, 23, '');
INSERT INTO `exam_detail` VALUES (657, 3, 9, 123, '');
INSERT INTO `exam_detail` VALUES (658, 3, 9, 94, '');
INSERT INTO `exam_detail` VALUES (659, 3, 9, 25, '');
INSERT INTO `exam_detail` VALUES (660, 3, 9, 42, '');
INSERT INTO `exam_detail` VALUES (661, 3, 9, 92, '');
INSERT INTO `exam_detail` VALUES (662, 3, 9, 27, '');
INSERT INTO `exam_detail` VALUES (663, 3, 9, 131, '');
INSERT INTO `exam_detail` VALUES (664, 3, 9, 134, '');
INSERT INTO `exam_detail` VALUES (665, 3, 9, 149, '');
INSERT INTO `exam_detail` VALUES (666, 3, 9, 110, '');
INSERT INTO `exam_detail` VALUES (667, 3, 9, 48, '');
INSERT INTO `exam_detail` VALUES (668, 3, 9, 133, '');
INSERT INTO `exam_detail` VALUES (669, 3, 9, 4, '');
INSERT INTO `exam_detail` VALUES (670, 3, 9, 21, '');
INSERT INTO `exam_detail` VALUES (671, 3, 9, 105, '');
INSERT INTO `exam_detail` VALUES (672, 3, 9, 108, '');
INSERT INTO `exam_detail` VALUES (673, 3, 9, 83, '');
INSERT INTO `exam_detail` VALUES (674, 3, 9, 54, '');
INSERT INTO `exam_detail` VALUES (675, 3, 9, 10, '');
INSERT INTO `exam_detail` VALUES (676, 3, 9, 75, '');
INSERT INTO `exam_detail` VALUES (677, 3, 9, 100, '');
INSERT INTO `exam_detail` VALUES (678, 3, 9, 104, '');
INSERT INTO `exam_detail` VALUES (679, 3, 9, 11, '');
INSERT INTO `exam_detail` VALUES (680, 3, 9, 59, '');
INSERT INTO `exam_detail` VALUES (681, 3, 9, 74, '');
INSERT INTO `exam_detail` VALUES (682, 3, 9, 144, '');
INSERT INTO `exam_detail` VALUES (683, 3, 9, 30, '');
INSERT INTO `exam_detail` VALUES (684, 3, 9, 82, '');
INSERT INTO `exam_detail` VALUES (685, 3, 9, 56, '');
INSERT INTO `exam_detail` VALUES (686, 3, 9, 47, '');
INSERT INTO `exam_detail` VALUES (687, 3, 10, 61, 'A');
INSERT INTO `exam_detail` VALUES (688, 3, 10, 59, 'A');
INSERT INTO `exam_detail` VALUES (689, 3, 10, 133, 'A');
INSERT INTO `exam_detail` VALUES (690, 3, 10, 80, 'A');
INSERT INTO `exam_detail` VALUES (691, 3, 10, 16, 'A');
INSERT INTO `exam_detail` VALUES (692, 3, 10, 28, 'A');
INSERT INTO `exam_detail` VALUES (693, 3, 10, 27, 'A');
INSERT INTO `exam_detail` VALUES (694, 3, 10, 138, '');
INSERT INTO `exam_detail` VALUES (695, 3, 10, 67, '');
INSERT INTO `exam_detail` VALUES (696, 3, 10, 85, '');
INSERT INTO `exam_detail` VALUES (697, 3, 10, 23, '');
INSERT INTO `exam_detail` VALUES (698, 3, 10, 13, '');
INSERT INTO `exam_detail` VALUES (699, 3, 10, 40, '');
INSERT INTO `exam_detail` VALUES (700, 3, 10, 115, '');
INSERT INTO `exam_detail` VALUES (701, 3, 10, 30, '');
INSERT INTO `exam_detail` VALUES (702, 3, 10, 21, '');
INSERT INTO `exam_detail` VALUES (703, 3, 10, 110, '');
INSERT INTO `exam_detail` VALUES (704, 3, 10, 72, '');
INSERT INTO `exam_detail` VALUES (705, 3, 10, 105, '');
INSERT INTO `exam_detail` VALUES (706, 3, 10, 83, '');
INSERT INTO `exam_detail` VALUES (707, 3, 10, 134, '');
INSERT INTO `exam_detail` VALUES (708, 3, 10, 91, '');
INSERT INTO `exam_detail` VALUES (709, 3, 10, 88, '');
INSERT INTO `exam_detail` VALUES (710, 3, 10, 45, '');
INSERT INTO `exam_detail` VALUES (711, 3, 10, 37, '');
INSERT INTO `exam_detail` VALUES (712, 3, 10, 149, '');
INSERT INTO `exam_detail` VALUES (713, 3, 10, 82, '');
INSERT INTO `exam_detail` VALUES (714, 3, 10, 129, '');
INSERT INTO `exam_detail` VALUES (715, 3, 10, 97, '');
INSERT INTO `exam_detail` VALUES (716, 3, 10, 51, '');
INSERT INTO `exam_detail` VALUES (717, 3, 10, 113, '');
INSERT INTO `exam_detail` VALUES (718, 3, 10, 19, '');
INSERT INTO `exam_detail` VALUES (719, 3, 10, 123, '');
INSERT INTO `exam_detail` VALUES (720, 3, 10, 56, '');
INSERT INTO `exam_detail` VALUES (721, 3, 10, 25, '');
INSERT INTO `exam_detail` VALUES (722, 3, 10, 90, '');
INSERT INTO `exam_detail` VALUES (723, 3, 10, 2, '');
INSERT INTO `exam_detail` VALUES (724, 3, 10, 77, '');
INSERT INTO `exam_detail` VALUES (725, 3, 10, 142, '');
INSERT INTO `exam_detail` VALUES (726, 3, 10, 121, '');
INSERT INTO `exam_detail` VALUES (727, 3, 10, 70, '');
INSERT INTO `exam_detail` VALUES (728, 3, 10, 141, '');
INSERT INTO `exam_detail` VALUES (729, 3, 10, 107, '');
INSERT INTO `exam_detail` VALUES (730, 3, 10, 31, '');
INSERT INTO `exam_detail` VALUES (731, 3, 10, 60, '');
INSERT INTO `exam_detail` VALUES (732, 3, 10, 26, '');
INSERT INTO `exam_detail` VALUES (733, 3, 10, 75, '');
INSERT INTO `exam_detail` VALUES (734, 3, 10, 125, '');
INSERT INTO `exam_detail` VALUES (735, 3, 10, 7, '');
INSERT INTO `exam_detail` VALUES (736, 3, 10, 108, '');
INSERT INTO `exam_detail` VALUES (737, 3, 10, 6, '');
INSERT INTO `exam_detail` VALUES (738, 3, 10, 104, '');
INSERT INTO `exam_detail` VALUES (739, 3, 10, 139, '');
INSERT INTO `exam_detail` VALUES (740, 3, 10, 53, '');
INSERT INTO `exam_detail` VALUES (741, 3, 10, 12, '');
INSERT INTO `exam_detail` VALUES (742, 3, 10, 4, '');
INSERT INTO `exam_detail` VALUES (743, 3, 10, 58, '');
INSERT INTO `exam_detail` VALUES (744, 3, 10, 48, '');
INSERT INTO `exam_detail` VALUES (745, 3, 10, 146, '');
INSERT INTO `exam_detail` VALUES (746, 3, 10, 95, '');
INSERT INTO `exam_detail` VALUES (747, 3, 10, 39, '');
INSERT INTO `exam_detail` VALUES (748, 3, 10, 74, '');
INSERT INTO `exam_detail` VALUES (749, 3, 10, 54, '');
INSERT INTO `exam_detail` VALUES (750, 3, 10, 17, '');
INSERT INTO `exam_detail` VALUES (751, 3, 10, 148, '');
INSERT INTO `exam_detail` VALUES (752, 3, 10, 49, '');
INSERT INTO `exam_detail` VALUES (753, 3, 10, 32, '');
INSERT INTO `exam_detail` VALUES (754, 3, 10, 5, '');
INSERT INTO `exam_detail` VALUES (755, 3, 10, 79, '');
INSERT INTO `exam_detail` VALUES (756, 3, 10, 42, '');
INSERT INTO `exam_detail` VALUES (757, 3, 10, 117, '');
INSERT INTO `exam_detail` VALUES (758, 3, 10, 52, '');
INSERT INTO `exam_detail` VALUES (759, 3, 10, 46, '');
INSERT INTO `exam_detail` VALUES (760, 3, 10, 22, '');
INSERT INTO `exam_detail` VALUES (761, 3, 10, 98, '');
INSERT INTO `exam_detail` VALUES (762, 3, 10, 100, '');
INSERT INTO `exam_detail` VALUES (763, 3, 10, 47, '');
INSERT INTO `exam_detail` VALUES (764, 3, 10, 35, '');
INSERT INTO `exam_detail` VALUES (765, 3, 10, 144, '');
INSERT INTO `exam_detail` VALUES (766, 3, 10, 41, '');
INSERT INTO `exam_detail` VALUES (767, 3, 10, 18, '');
INSERT INTO `exam_detail` VALUES (768, 3, 10, 66, '');
INSERT INTO `exam_detail` VALUES (769, 3, 10, 43, '');
INSERT INTO `exam_detail` VALUES (770, 3, 10, 94, '');
INSERT INTO `exam_detail` VALUES (771, 3, 10, 8, '');
INSERT INTO `exam_detail` VALUES (772, 3, 10, 11, '');
INSERT INTO `exam_detail` VALUES (773, 3, 10, 119, '');
INSERT INTO `exam_detail` VALUES (774, 3, 10, 14, '');
INSERT INTO `exam_detail` VALUES (775, 3, 10, 36, '');
INSERT INTO `exam_detail` VALUES (776, 3, 10, 92, '');
INSERT INTO `exam_detail` VALUES (777, 3, 10, 9, '');
INSERT INTO `exam_detail` VALUES (778, 3, 10, 87, '');
INSERT INTO `exam_detail` VALUES (779, 3, 10, 10, '');
INSERT INTO `exam_detail` VALUES (780, 3, 10, 57, '');
INSERT INTO `exam_detail` VALUES (781, 3, 10, 34, '');
INSERT INTO `exam_detail` VALUES (782, 3, 10, 68, '');
INSERT INTO `exam_detail` VALUES (783, 3, 10, 136, '');
INSERT INTO `exam_detail` VALUES (784, 3, 10, 131, '');
INSERT INTO `exam_detail` VALUES (785, 3, 11, 81, '');
INSERT INTO `exam_detail` VALUES (786, 3, 11, 106, 'A;C');
INSERT INTO `exam_detail` VALUES (787, 3, 11, 29, '');
INSERT INTO `exam_detail` VALUES (788, 3, 11, 93, '');
INSERT INTO `exam_detail` VALUES (789, 3, 11, 143, '');
INSERT INTO `exam_detail` VALUES (790, 3, 11, 69, '');
INSERT INTO `exam_detail` VALUES (791, 3, 11, 118, '');
INSERT INTO `exam_detail` VALUES (792, 3, 11, 96, '');
INSERT INTO `exam_detail` VALUES (793, 3, 11, 120, '');
INSERT INTO `exam_detail` VALUES (794, 3, 11, 103, '');
INSERT INTO `exam_detail` VALUES (795, 3, 11, 55, '');
INSERT INTO `exam_detail` VALUES (796, 3, 11, 65, '');
INSERT INTO `exam_detail` VALUES (797, 3, 11, 135, '');
INSERT INTO `exam_detail` VALUES (798, 3, 11, 116, '');
INSERT INTO `exam_detail` VALUES (799, 3, 11, 147, '');
INSERT INTO `exam_detail` VALUES (800, 3, 11, 33, '');
INSERT INTO `exam_detail` VALUES (801, 3, 11, 24, '');
INSERT INTO `exam_detail` VALUES (802, 3, 11, 44, '');
INSERT INTO `exam_detail` VALUES (803, 3, 11, 84, '');
INSERT INTO `exam_detail` VALUES (804, 3, 11, 76, '');
INSERT INTO `exam_detail` VALUES (805, 3, 11, 127, '');
INSERT INTO `exam_detail` VALUES (806, 3, 11, 89, '');
INSERT INTO `exam_detail` VALUES (807, 3, 11, 151, '');
INSERT INTO `exam_detail` VALUES (808, 3, 11, 73, '');
INSERT INTO `exam_detail` VALUES (809, 3, 11, 50, '');
INSERT INTO `exam_detail` VALUES (810, 3, 11, 38, '');
INSERT INTO `exam_detail` VALUES (811, 3, 11, 122, '');
INSERT INTO `exam_detail` VALUES (812, 3, 11, 150, '');
INSERT INTO `exam_detail` VALUES (813, 3, 11, 101, '');
INSERT INTO `exam_detail` VALUES (814, 3, 11, 63, '');
INSERT INTO `exam_detail` VALUES (815, 3, 11, 3, '');
INSERT INTO `exam_detail` VALUES (816, 3, 11, 111, '');
INSERT INTO `exam_detail` VALUES (817, 3, 11, 140, '');
INSERT INTO `exam_detail` VALUES (818, 3, 11, 99, '');
INSERT INTO `exam_detail` VALUES (819, 3, 11, 130, '');
INSERT INTO `exam_detail` VALUES (820, 3, 11, 62, '');
INSERT INTO `exam_detail` VALUES (821, 3, 11, 114, '');
INSERT INTO `exam_detail` VALUES (822, 3, 11, 78, '');
INSERT INTO `exam_detail` VALUES (823, 3, 11, 137, '');
INSERT INTO `exam_detail` VALUES (824, 3, 11, 112, '');
INSERT INTO `exam_detail` VALUES (825, 3, 11, 86, '');
INSERT INTO `exam_detail` VALUES (826, 3, 11, 15, '');
INSERT INTO `exam_detail` VALUES (827, 3, 11, 145, '');
INSERT INTO `exam_detail` VALUES (828, 3, 11, 109, '');
INSERT INTO `exam_detail` VALUES (829, 3, 11, 128, '');
INSERT INTO `exam_detail` VALUES (830, 3, 11, 126, '');
INSERT INTO `exam_detail` VALUES (831, 3, 11, 132, '');
INSERT INTO `exam_detail` VALUES (832, 3, 11, 124, '');
INSERT INTO `exam_detail` VALUES (833, 3, 11, 20, '');
INSERT INTO `exam_detail` VALUES (834, 3, 11, 71, '');
INSERT INTO `exam_detail` VALUES (835, 4, 12, 69, 'B');
INSERT INTO `exam_detail` VALUES (836, 4, 12, 126, 'A');
INSERT INTO `exam_detail` VALUES (837, 4, 12, 96, 'A;B');
INSERT INTO `exam_detail` VALUES (838, 4, 12, 101, 'A;C');
INSERT INTO `exam_detail` VALUES (839, 4, 12, 151, '');
INSERT INTO `exam_detail` VALUES (840, 4, 12, 33, '');
INSERT INTO `exam_detail` VALUES (841, 4, 12, 116, '');
INSERT INTO `exam_detail` VALUES (842, 4, 12, 130, '');
INSERT INTO `exam_detail` VALUES (843, 4, 12, 62, '');
INSERT INTO `exam_detail` VALUES (844, 4, 12, 29, '');
INSERT INTO `exam_detail` VALUES (845, 4, 12, 65, '');
INSERT INTO `exam_detail` VALUES (846, 4, 12, 122, '');
INSERT INTO `exam_detail` VALUES (847, 4, 12, 15, '');
INSERT INTO `exam_detail` VALUES (848, 4, 12, 20, '');
INSERT INTO `exam_detail` VALUES (849, 4, 12, 127, '');
INSERT INTO `exam_detail` VALUES (850, 4, 12, 86, '');
INSERT INTO `exam_detail` VALUES (851, 4, 12, 55, '');
INSERT INTO `exam_detail` VALUES (852, 4, 12, 3, '');
INSERT INTO `exam_detail` VALUES (853, 4, 12, 150, '');
INSERT INTO `exam_detail` VALUES (854, 4, 12, 132, '');
INSERT INTO `exam_detail` VALUES (855, 4, 12, 137, '');
INSERT INTO `exam_detail` VALUES (856, 4, 12, 140, '');
INSERT INTO `exam_detail` VALUES (857, 4, 12, 102, '');
INSERT INTO `exam_detail` VALUES (858, 4, 12, 73, '');
INSERT INTO `exam_detail` VALUES (859, 4, 12, 128, '');
INSERT INTO `exam_detail` VALUES (860, 4, 12, 111, '');
INSERT INTO `exam_detail` VALUES (861, 4, 12, 50, '');
INSERT INTO `exam_detail` VALUES (862, 4, 12, 78, '');
INSERT INTO `exam_detail` VALUES (863, 4, 12, 71, '');
INSERT INTO `exam_detail` VALUES (864, 4, 12, 135, '');
INSERT INTO `exam_detail` VALUES (865, 4, 12, 147, '');
INSERT INTO `exam_detail` VALUES (866, 4, 12, 76, '');
INSERT INTO `exam_detail` VALUES (867, 4, 12, 84, '');
INSERT INTO `exam_detail` VALUES (868, 4, 12, 93, '');
INSERT INTO `exam_detail` VALUES (869, 4, 12, 114, '');
INSERT INTO `exam_detail` VALUES (870, 4, 12, 112, '');
INSERT INTO `exam_detail` VALUES (871, 4, 12, 24, '');
INSERT INTO `exam_detail` VALUES (872, 4, 12, 106, '');
INSERT INTO `exam_detail` VALUES (873, 4, 12, 99, '');
INSERT INTO `exam_detail` VALUES (874, 4, 12, 120, '');
INSERT INTO `exam_detail` VALUES (875, 4, 12, 103, '');
INSERT INTO `exam_detail` VALUES (876, 4, 12, 145, '');
INSERT INTO `exam_detail` VALUES (877, 4, 12, 143, '');
INSERT INTO `exam_detail` VALUES (878, 4, 12, 81, '');
INSERT INTO `exam_detail` VALUES (879, 4, 12, 118, '');
INSERT INTO `exam_detail` VALUES (880, 4, 12, 38, '');
INSERT INTO `exam_detail` VALUES (881, 4, 12, 109, '');
INSERT INTO `exam_detail` VALUES (882, 4, 12, 89, '');
INSERT INTO `exam_detail` VALUES (883, 4, 12, 63, '');
INSERT INTO `exam_detail` VALUES (884, 4, 12, 124, '');
INSERT INTO `exam_detail` VALUES (885, 5, 13, 6, 'A');
INSERT INTO `exam_detail` VALUES (886, 5, 13, 108, 'C');
INSERT INTO `exam_detail` VALUES (887, 5, 13, 31, 'B');
INSERT INTO `exam_detail` VALUES (888, 5, 13, 67, 'C');
INSERT INTO `exam_detail` VALUES (889, 5, 13, 148, 'C');
INSERT INTO `exam_detail` VALUES (890, 5, 13, 162, 'C');
INSERT INTO `exam_detail` VALUES (891, 5, 13, 57, 'B');
INSERT INTO `exam_detail` VALUES (892, 5, 13, 119, 'C');
INSERT INTO `exam_detail` VALUES (893, 5, 13, 152, 'B');
INSERT INTO `exam_detail` VALUES (894, 5, 13, 8, 'B');
INSERT INTO `exam_detail` VALUES (895, 5, 13, 165, 'C');
INSERT INTO `exam_detail` VALUES (896, 5, 13, 30, 'B');
INSERT INTO `exam_detail` VALUES (897, 5, 13, 42, 'B');
INSERT INTO `exam_detail` VALUES (898, 5, 13, 53, 'B');
INSERT INTO `exam_detail` VALUES (899, 5, 13, 94, 'C');
INSERT INTO `exam_detail` VALUES (900, 5, 13, 43, 'B');
INSERT INTO `exam_detail` VALUES (901, 5, 13, 16, 'B');
INSERT INTO `exam_detail` VALUES (902, 5, 13, 77, 'C');
INSERT INTO `exam_detail` VALUES (903, 5, 13, 159, 'C');
INSERT INTO `exam_detail` VALUES (904, 5, 13, 21, 'B');
INSERT INTO `exam_detail` VALUES (905, 5, 13, 167, 'C');
INSERT INTO `exam_detail` VALUES (906, 5, 13, 5, 'B');
INSERT INTO `exam_detail` VALUES (907, 5, 13, 88, 'C');
INSERT INTO `exam_detail` VALUES (908, 5, 13, 10, 'B');
INSERT INTO `exam_detail` VALUES (909, 5, 13, 45, 'B');
INSERT INTO `exam_detail` VALUES (910, 5, 13, 37, 'B');
INSERT INTO `exam_detail` VALUES (911, 5, 13, 134, 'C');
INSERT INTO `exam_detail` VALUES (912, 5, 13, 74, 'C');
INSERT INTO `exam_detail` VALUES (913, 5, 13, 98, 'C');
INSERT INTO `exam_detail` VALUES (914, 5, 13, 70, 'C');
INSERT INTO `exam_detail` VALUES (915, 5, 13, 22, 'B');
INSERT INTO `exam_detail` VALUES (916, 5, 13, 91, 'C');
INSERT INTO `exam_detail` VALUES (917, 5, 13, 131, 'C');
INSERT INTO `exam_detail` VALUES (918, 5, 13, 4, 'B');
INSERT INTO `exam_detail` VALUES (919, 5, 13, 129, 'C');
INSERT INTO `exam_detail` VALUES (920, 5, 13, 160, 'C');
INSERT INTO `exam_detail` VALUES (921, 5, 13, 117, 'C');
INSERT INTO `exam_detail` VALUES (922, 5, 13, 39, 'B');
INSERT INTO `exam_detail` VALUES (923, 5, 13, 163, 'C');
INSERT INTO `exam_detail` VALUES (924, 5, 13, 59, 'B');
INSERT INTO `exam_detail` VALUES (925, 5, 13, 75, 'C');
INSERT INTO `exam_detail` VALUES (926, 5, 13, 2, 'B');
INSERT INTO `exam_detail` VALUES (927, 5, 13, 133, 'C');
INSERT INTO `exam_detail` VALUES (928, 5, 13, 121, 'C');
INSERT INTO `exam_detail` VALUES (929, 5, 13, 164, 'C');
INSERT INTO `exam_detail` VALUES (930, 5, 13, 170, 'C');
INSERT INTO `exam_detail` VALUES (931, 5, 13, 172, 'C');
INSERT INTO `exam_detail` VALUES (932, 5, 13, 169, 'C');
INSERT INTO `exam_detail` VALUES (933, 5, 13, 34, 'B');
INSERT INTO `exam_detail` VALUES (934, 5, 13, 175, 'C');
INSERT INTO `exam_detail` VALUES (935, 5, 13, 142, 'C');
INSERT INTO `exam_detail` VALUES (936, 5, 13, 35, 'B');
INSERT INTO `exam_detail` VALUES (937, 5, 13, 149, 'C');
INSERT INTO `exam_detail` VALUES (938, 5, 13, 87, 'C');
INSERT INTO `exam_detail` VALUES (939, 5, 13, 174, 'C');
INSERT INTO `exam_detail` VALUES (940, 5, 13, 156, 'C');
INSERT INTO `exam_detail` VALUES (941, 5, 13, 56, 'B');
INSERT INTO `exam_detail` VALUES (942, 5, 13, 28, 'B');
INSERT INTO `exam_detail` VALUES (943, 5, 13, 18, 'B');
INSERT INTO `exam_detail` VALUES (944, 5, 13, 9, 'B');
INSERT INTO `exam_detail` VALUES (945, 5, 13, 11, 'B');
INSERT INTO `exam_detail` VALUES (946, 5, 13, 48, 'B');
INSERT INTO `exam_detail` VALUES (947, 5, 13, 158, 'C');
INSERT INTO `exam_detail` VALUES (948, 5, 13, 97, 'C');
INSERT INTO `exam_detail` VALUES (949, 5, 13, 155, 'C');
INSERT INTO `exam_detail` VALUES (950, 5, 13, 107, 'C');
INSERT INTO `exam_detail` VALUES (951, 5, 13, 14, 'B');
INSERT INTO `exam_detail` VALUES (952, 5, 13, 19, 'B');
INSERT INTO `exam_detail` VALUES (953, 5, 13, 82, 'C');
INSERT INTO `exam_detail` VALUES (954, 5, 13, 104, 'C');
INSERT INTO `exam_detail` VALUES (955, 5, 13, 90, 'C');
INSERT INTO `exam_detail` VALUES (956, 5, 13, 92, 'C');
INSERT INTO `exam_detail` VALUES (957, 5, 13, 52, 'B');
INSERT INTO `exam_detail` VALUES (958, 5, 13, 168, 'C');
INSERT INTO `exam_detail` VALUES (959, 5, 13, 72, 'C');
INSERT INTO `exam_detail` VALUES (960, 5, 13, 110, 'C');
INSERT INTO `exam_detail` VALUES (961, 5, 13, 146, 'C');
INSERT INTO `exam_detail` VALUES (962, 5, 13, 79, 'C');
INSERT INTO `exam_detail` VALUES (963, 5, 13, 7, 'B');
INSERT INTO `exam_detail` VALUES (964, 5, 13, 100, 'C');
INSERT INTO `exam_detail` VALUES (965, 5, 13, 138, 'C');
INSERT INTO `exam_detail` VALUES (966, 5, 13, 83, 'C');
INSERT INTO `exam_detail` VALUES (967, 5, 13, 49, 'B');
INSERT INTO `exam_detail` VALUES (968, 5, 13, 80, 'C');
INSERT INTO `exam_detail` VALUES (969, 5, 13, 154, 'C');
INSERT INTO `exam_detail` VALUES (970, 5, 13, 85, 'C');
INSERT INTO `exam_detail` VALUES (971, 5, 13, 46, 'B');
INSERT INTO `exam_detail` VALUES (972, 5, 13, 125, 'C');
INSERT INTO `exam_detail` VALUES (973, 5, 13, 171, 'C');
INSERT INTO `exam_detail` VALUES (974, 5, 13, 141, 'C');
INSERT INTO `exam_detail` VALUES (975, 5, 13, 27, 'B');
INSERT INTO `exam_detail` VALUES (976, 5, 13, 139, 'C');
INSERT INTO `exam_detail` VALUES (977, 5, 13, 23, 'B');
INSERT INTO `exam_detail` VALUES (978, 5, 13, 26, 'B');
INSERT INTO `exam_detail` VALUES (979, 5, 13, 54, 'B');
INSERT INTO `exam_detail` VALUES (980, 5, 13, 177, 'C');
INSERT INTO `exam_detail` VALUES (981, 5, 13, 95, 'C');
INSERT INTO `exam_detail` VALUES (982, 5, 13, 157, 'C');
INSERT INTO `exam_detail` VALUES (983, 5, 13, 123, 'C');
INSERT INTO `exam_detail` VALUES (984, 5, 13, 66, 'C');
INSERT INTO `exam_detail` VALUES (985, 5, 14, 146, 'A');
INSERT INTO `exam_detail` VALUES (986, 5, 14, 47, 'A');
INSERT INTO `exam_detail` VALUES (987, 5, 14, 175, 'A');
INSERT INTO `exam_detail` VALUES (988, 5, 14, 13, 'A');
INSERT INTO `exam_detail` VALUES (989, 5, 14, 173, 'A');
INSERT INTO `exam_detail` VALUES (990, 5, 14, 21, 'A');
INSERT INTO `exam_detail` VALUES (991, 5, 14, 100, 'A');
INSERT INTO `exam_detail` VALUES (992, 5, 14, 158, 'A');
INSERT INTO `exam_detail` VALUES (993, 5, 14, 157, 'A');
INSERT INTO `exam_detail` VALUES (994, 5, 14, 155, 'A');
INSERT INTO `exam_detail` VALUES (995, 5, 14, 17, 'A');
INSERT INTO `exam_detail` VALUES (996, 5, 14, 77, 'A');
INSERT INTO `exam_detail` VALUES (997, 5, 14, 12, 'A');
INSERT INTO `exam_detail` VALUES (998, 5, 14, 49, 'A');
INSERT INTO `exam_detail` VALUES (999, 5, 14, 80, 'A');
INSERT INTO `exam_detail` VALUES (1000, 5, 14, 177, 'A');
INSERT INTO `exam_detail` VALUES (1001, 5, 14, 19, 'A');
INSERT INTO `exam_detail` VALUES (1002, 5, 14, 88, 'A');
INSERT INTO `exam_detail` VALUES (1003, 5, 14, 159, 'A');
INSERT INTO `exam_detail` VALUES (1004, 5, 14, 57, 'A');
INSERT INTO `exam_detail` VALUES (1005, 5, 14, 107, 'A');
INSERT INTO `exam_detail` VALUES (1006, 5, 14, 31, 'A');
INSERT INTO `exam_detail` VALUES (1007, 5, 14, 139, 'A');
INSERT INTO `exam_detail` VALUES (1008, 5, 14, 152, 'A');
INSERT INTO `exam_detail` VALUES (1009, 5, 14, 42, 'A');
INSERT INTO `exam_detail` VALUES (1010, 5, 14, 167, 'A');
INSERT INTO `exam_detail` VALUES (1011, 5, 14, 174, 'A');
INSERT INTO `exam_detail` VALUES (1012, 5, 14, 125, 'A');
INSERT INTO `exam_detail` VALUES (1013, 5, 14, 27, 'A');
INSERT INTO `exam_detail` VALUES (1014, 5, 14, 23, 'A');
INSERT INTO `exam_detail` VALUES (1015, 5, 14, 79, 'A');
INSERT INTO `exam_detail` VALUES (1016, 5, 14, 161, 'A');
INSERT INTO `exam_detail` VALUES (1017, 5, 14, 28, 'A');
INSERT INTO `exam_detail` VALUES (1018, 5, 14, 110, 'A');
INSERT INTO `exam_detail` VALUES (1019, 5, 14, 172, 'A');
INSERT INTO `exam_detail` VALUES (1020, 5, 14, 68, 'A');
INSERT INTO `exam_detail` VALUES (1021, 5, 14, 70, 'A');
INSERT INTO `exam_detail` VALUES (1022, 5, 14, 148, 'A');
INSERT INTO `exam_detail` VALUES (1023, 5, 14, 51, 'A');
INSERT INTO `exam_detail` VALUES (1024, 5, 14, 170, 'A');
INSERT INTO `exam_detail` VALUES (1025, 5, 14, 138, 'A');
INSERT INTO `exam_detail` VALUES (1026, 5, 14, 40, 'A');
INSERT INTO `exam_detail` VALUES (1027, 5, 14, 133, 'A');
INSERT INTO `exam_detail` VALUES (1028, 5, 14, 53, 'A');
INSERT INTO `exam_detail` VALUES (1029, 5, 14, 48, 'A');
INSERT INTO `exam_detail` VALUES (1030, 5, 14, 134, 'A');
INSERT INTO `exam_detail` VALUES (1031, 5, 14, 43, 'A');
INSERT INTO `exam_detail` VALUES (1032, 5, 14, 176, 'A');
INSERT INTO `exam_detail` VALUES (1033, 5, 14, 95, 'A');
INSERT INTO `exam_detail` VALUES (1034, 5, 14, 163, 'A');
INSERT INTO `exam_detail` VALUES (1035, 5, 14, 142, 'A');
INSERT INTO `exam_detail` VALUES (1036, 5, 14, 58, 'A');
INSERT INTO `exam_detail` VALUES (1037, 5, 14, 153, 'A');
INSERT INTO `exam_detail` VALUES (1038, 5, 14, 129, 'A');
INSERT INTO `exam_detail` VALUES (1039, 5, 14, 94, 'A');
INSERT INTO `exam_detail` VALUES (1040, 5, 14, 32, 'A');
INSERT INTO `exam_detail` VALUES (1041, 5, 14, 85, 'A');
INSERT INTO `exam_detail` VALUES (1042, 5, 14, 156, 'A');
INSERT INTO `exam_detail` VALUES (1043, 5, 14, 52, 'A');
INSERT INTO `exam_detail` VALUES (1044, 5, 14, 46, 'A');
INSERT INTO `exam_detail` VALUES (1045, 5, 14, 131, 'A');
INSERT INTO `exam_detail` VALUES (1046, 5, 14, 160, 'A');
INSERT INTO `exam_detail` VALUES (1047, 5, 14, 66, 'A');
INSERT INTO `exam_detail` VALUES (1048, 5, 14, 83, 'A');
INSERT INTO `exam_detail` VALUES (1049, 5, 14, 45, 'A');
INSERT INTO `exam_detail` VALUES (1050, 5, 14, 108, 'A');
INSERT INTO `exam_detail` VALUES (1051, 5, 14, 74, 'A');
INSERT INTO `exam_detail` VALUES (1052, 5, 14, 121, 'A');
INSERT INTO `exam_detail` VALUES (1053, 5, 14, 104, 'A');
INSERT INTO `exam_detail` VALUES (1054, 5, 14, 123, 'A');
INSERT INTO `exam_detail` VALUES (1055, 5, 14, 5, 'A');
INSERT INTO `exam_detail` VALUES (1056, 5, 14, 60, 'A');
INSERT INTO `exam_detail` VALUES (1057, 5, 14, 54, 'A');
INSERT INTO `exam_detail` VALUES (1058, 5, 14, 9, 'A');
INSERT INTO `exam_detail` VALUES (1059, 5, 14, 164, 'A');
INSERT INTO `exam_detail` VALUES (1060, 5, 14, 36, 'A');
INSERT INTO `exam_detail` VALUES (1061, 5, 14, 90, 'A');
INSERT INTO `exam_detail` VALUES (1062, 5, 14, 26, 'A');
INSERT INTO `exam_detail` VALUES (1063, 5, 14, 168, 'A');
INSERT INTO `exam_detail` VALUES (1064, 5, 14, 169, 'A');
INSERT INTO `exam_detail` VALUES (1065, 5, 14, 61, 'A');
INSERT INTO `exam_detail` VALUES (1066, 5, 14, 25, 'A');
INSERT INTO `exam_detail` VALUES (1067, 5, 14, 154, 'A');
INSERT INTO `exam_detail` VALUES (1068, 5, 14, 39, 'A');
INSERT INTO `exam_detail` VALUES (1069, 5, 14, 6, 'A');
INSERT INTO `exam_detail` VALUES (1070, 5, 14, 87, 'A');
INSERT INTO `exam_detail` VALUES (1071, 5, 14, 115, 'A');
INSERT INTO `exam_detail` VALUES (1072, 5, 14, 72, 'A');
INSERT INTO `exam_detail` VALUES (1073, 5, 14, 37, 'A');
INSERT INTO `exam_detail` VALUES (1074, 5, 14, 10, 'A');
INSERT INTO `exam_detail` VALUES (1075, 5, 14, 2, 'A');
INSERT INTO `exam_detail` VALUES (1076, 5, 14, 4, 'A');
INSERT INTO `exam_detail` VALUES (1077, 5, 14, 75, 'A');
INSERT INTO `exam_detail` VALUES (1078, 5, 14, 91, 'A');
INSERT INTO `exam_detail` VALUES (1079, 5, 14, 117, 'A');
INSERT INTO `exam_detail` VALUES (1080, 5, 14, 7, 'A');
INSERT INTO `exam_detail` VALUES (1081, 5, 14, 119, 'A');
INSERT INTO `exam_detail` VALUES (1082, 5, 14, 82, 'A');
INSERT INTO `exam_detail` VALUES (1083, 5, 14, 59, 'A');
INSERT INTO `exam_detail` VALUES (1084, 5, 14, 105, 'A');
INSERT INTO `exam_detail` VALUES (1085, 3, 15, 117, 'A');
INSERT INTO `exam_detail` VALUES (1086, 3, 15, 70, 'A');
INSERT INTO `exam_detail` VALUES (1087, 3, 15, 51, 'A');
INSERT INTO `exam_detail` VALUES (1088, 3, 15, 174, 'A');
INSERT INTO `exam_detail` VALUES (1089, 3, 15, 92, 'A');
INSERT INTO `exam_detail` VALUES (1090, 3, 15, 107, '');
INSERT INTO `exam_detail` VALUES (1091, 3, 15, 6, '');
INSERT INTO `exam_detail` VALUES (1092, 3, 15, 171, '');
INSERT INTO `exam_detail` VALUES (1093, 3, 15, 153, '');
INSERT INTO `exam_detail` VALUES (1094, 3, 15, 83, '');
INSERT INTO `exam_detail` VALUES (1095, 3, 15, 35, '');
INSERT INTO `exam_detail` VALUES (1096, 3, 15, 17, '');
INSERT INTO `exam_detail` VALUES (1097, 3, 15, 19, '');
INSERT INTO `exam_detail` VALUES (1098, 3, 15, 163, '');
INSERT INTO `exam_detail` VALUES (1099, 3, 15, 41, '');
INSERT INTO `exam_detail` VALUES (1100, 3, 15, 39, '');
INSERT INTO `exam_detail` VALUES (1101, 3, 15, 91, '');
INSERT INTO `exam_detail` VALUES (1102, 3, 15, 57, '');
INSERT INTO `exam_detail` VALUES (1103, 3, 15, 148, '');
INSERT INTO `exam_detail` VALUES (1104, 3, 15, 90, '');
INSERT INTO `exam_detail` VALUES (1105, 3, 15, 139, '');
INSERT INTO `exam_detail` VALUES (1106, 3, 15, 75, '');
INSERT INTO `exam_detail` VALUES (1107, 3, 15, 167, '');
INSERT INTO `exam_detail` VALUES (1108, 3, 15, 123, '');
INSERT INTO `exam_detail` VALUES (1109, 3, 15, 104, '');
INSERT INTO `exam_detail` VALUES (1110, 3, 15, 67, '');
INSERT INTO `exam_detail` VALUES (1111, 3, 15, 4, '');
INSERT INTO `exam_detail` VALUES (1112, 3, 15, 18, '');
INSERT INTO `exam_detail` VALUES (1113, 3, 15, 149, '');
INSERT INTO `exam_detail` VALUES (1114, 3, 15, 141, '');
INSERT INTO `exam_detail` VALUES (1115, 3, 15, 11, '');
INSERT INTO `exam_detail` VALUES (1116, 3, 15, 58, '');
INSERT INTO `exam_detail` VALUES (1117, 3, 15, 30, '');
INSERT INTO `exam_detail` VALUES (1118, 3, 15, 119, '');
INSERT INTO `exam_detail` VALUES (1119, 3, 15, 170, '');
INSERT INTO `exam_detail` VALUES (1120, 3, 15, 32, '');
INSERT INTO `exam_detail` VALUES (1121, 3, 15, 52, '');
INSERT INTO `exam_detail` VALUES (1122, 3, 15, 157, '');
INSERT INTO `exam_detail` VALUES (1123, 3, 15, 108, '');
INSERT INTO `exam_detail` VALUES (1124, 3, 15, 46, '');
INSERT INTO `exam_detail` VALUES (1125, 3, 15, 16, '');
INSERT INTO `exam_detail` VALUES (1126, 3, 15, 36, '');
INSERT INTO `exam_detail` VALUES (1127, 3, 15, 72, '');
INSERT INTO `exam_detail` VALUES (1128, 3, 15, 60, '');
INSERT INTO `exam_detail` VALUES (1129, 3, 15, 172, '');
INSERT INTO `exam_detail` VALUES (1130, 3, 15, 61, '');
INSERT INTO `exam_detail` VALUES (1131, 3, 15, 165, '');
INSERT INTO `exam_detail` VALUES (1132, 3, 15, 100, '');
INSERT INTO `exam_detail` VALUES (1133, 3, 15, 26, '');
INSERT INTO `exam_detail` VALUES (1134, 3, 15, 121, '');
INSERT INTO `exam_detail` VALUES (1135, 3, 15, 42, '');
INSERT INTO `exam_detail` VALUES (1136, 3, 15, 85, '');
INSERT INTO `exam_detail` VALUES (1137, 3, 15, 97, '');
INSERT INTO `exam_detail` VALUES (1138, 3, 15, 25, '');
INSERT INTO `exam_detail` VALUES (1139, 3, 15, 77, '');
INSERT INTO `exam_detail` VALUES (1140, 3, 15, 136, '');
INSERT INTO `exam_detail` VALUES (1141, 3, 15, 9, '');
INSERT INTO `exam_detail` VALUES (1142, 3, 15, 158, '');
INSERT INTO `exam_detail` VALUES (1143, 3, 15, 159, '');
INSERT INTO `exam_detail` VALUES (1144, 3, 15, 144, '');
INSERT INTO `exam_detail` VALUES (1145, 3, 15, 161, '');
INSERT INTO `exam_detail` VALUES (1146, 3, 15, 28, '');
INSERT INTO `exam_detail` VALUES (1147, 3, 15, 13, '');
INSERT INTO `exam_detail` VALUES (1148, 3, 15, 110, '');
INSERT INTO `exam_detail` VALUES (1149, 3, 15, 162, '');
INSERT INTO `exam_detail` VALUES (1150, 3, 15, 53, '');
INSERT INTO `exam_detail` VALUES (1151, 3, 15, 146, '');
INSERT INTO `exam_detail` VALUES (1152, 3, 15, 10, '');
INSERT INTO `exam_detail` VALUES (1153, 3, 15, 133, '');
INSERT INTO `exam_detail` VALUES (1154, 3, 15, 68, '');
INSERT INTO `exam_detail` VALUES (1155, 3, 15, 7, '');
INSERT INTO `exam_detail` VALUES (1156, 3, 15, 5, '');
INSERT INTO `exam_detail` VALUES (1157, 3, 15, 2, '');
INSERT INTO `exam_detail` VALUES (1158, 3, 15, 14, '');
INSERT INTO `exam_detail` VALUES (1159, 3, 15, 115, '');
INSERT INTO `exam_detail` VALUES (1160, 3, 15, 21, '');
INSERT INTO `exam_detail` VALUES (1161, 3, 15, 79, '');
INSERT INTO `exam_detail` VALUES (1162, 3, 15, 175, '');
INSERT INTO `exam_detail` VALUES (1163, 3, 15, 82, '');
INSERT INTO `exam_detail` VALUES (1164, 3, 15, 113, '');
INSERT INTO `exam_detail` VALUES (1165, 3, 15, 8, '');
INSERT INTO `exam_detail` VALUES (1166, 3, 15, 88, '');
INSERT INTO `exam_detail` VALUES (1167, 3, 15, 131, '');
INSERT INTO `exam_detail` VALUES (1168, 3, 15, 37, '');
INSERT INTO `exam_detail` VALUES (1169, 3, 15, 142, '');
INSERT INTO `exam_detail` VALUES (1170, 3, 15, 12, '');
INSERT INTO `exam_detail` VALUES (1171, 3, 15, 54, '');
INSERT INTO `exam_detail` VALUES (1172, 3, 15, 80, '');
INSERT INTO `exam_detail` VALUES (1173, 3, 15, 40, '');
INSERT INTO `exam_detail` VALUES (1174, 3, 15, 156, '');
INSERT INTO `exam_detail` VALUES (1175, 3, 15, 155, '');
INSERT INTO `exam_detail` VALUES (1176, 3, 15, 22, '');
INSERT INTO `exam_detail` VALUES (1177, 3, 15, 95, '');
INSERT INTO `exam_detail` VALUES (1178, 3, 15, 27, '');
INSERT INTO `exam_detail` VALUES (1179, 3, 15, 152, '');
INSERT INTO `exam_detail` VALUES (1180, 3, 15, 94, '');
INSERT INTO `exam_detail` VALUES (1181, 3, 15, 47, '');
INSERT INTO `exam_detail` VALUES (1182, 3, 15, 169, '');
INSERT INTO `exam_detail` VALUES (1183, 3, 15, 31, '');
INSERT INTO `exam_detail` VALUES (1184, 3, 15, 134, '');
INSERT INTO `exam_detail` VALUES (1185, 5, 16, 67, 'D');
INSERT INTO `exam_detail` VALUES (1186, 5, 16, 49, 'B');
INSERT INTO `exam_detail` VALUES (1187, 5, 16, 14, 'A');
INSERT INTO `exam_detail` VALUES (1188, 5, 16, 174, 'C');
INSERT INTO `exam_detail` VALUES (1189, 5, 16, 79, 'B');
INSERT INTO `exam_detail` VALUES (1190, 5, 16, 167, 'C');
INSERT INTO `exam_detail` VALUES (1191, 5, 16, 121, 'A');
INSERT INTO `exam_detail` VALUES (1192, 5, 16, 170, 'B');
INSERT INTO `exam_detail` VALUES (1193, 5, 16, 19, 'A');
INSERT INTO `exam_detail` VALUES (1194, 5, 16, 48, 'A');
INSERT INTO `exam_detail` VALUES (1195, 5, 16, 5, 'B');
INSERT INTO `exam_detail` VALUES (1196, 5, 16, 83, 'D');
INSERT INTO `exam_detail` VALUES (1197, 5, 16, 94, 'C');
INSERT INTO `exam_detail` VALUES (1198, 5, 16, 45, 'A');
INSERT INTO `exam_detail` VALUES (1199, 5, 16, 141, 'C');
INSERT INTO `exam_detail` VALUES (1200, 5, 16, 31, 'A');
INSERT INTO `exam_detail` VALUES (1201, 5, 16, 87, 'C');
INSERT INTO `exam_detail` VALUES (1202, 5, 16, 21, 'A');
INSERT INTO `exam_detail` VALUES (1203, 5, 16, 119, 'B');
INSERT INTO `exam_detail` VALUES (1204, 5, 16, 80, 'C');
INSERT INTO `exam_detail` VALUES (1205, 5, 16, 61, 'A');
INSERT INTO `exam_detail` VALUES (1206, 5, 16, 105, 'B');
INSERT INTO `exam_detail` VALUES (1207, 5, 16, 92, 'C');
INSERT INTO `exam_detail` VALUES (1208, 5, 16, 107, 'C');
INSERT INTO `exam_detail` VALUES (1209, 5, 16, 115, 'B');
INSERT INTO `exam_detail` VALUES (1210, 5, 16, 74, 'B');
INSERT INTO `exam_detail` VALUES (1211, 5, 16, 154, 'C');
INSERT INTO `exam_detail` VALUES (1212, 5, 16, 23, 'B');
INSERT INTO `exam_detail` VALUES (1213, 5, 16, 155, 'C');
INSERT INTO `exam_detail` VALUES (1214, 5, 16, 7, 'A');
INSERT INTO `exam_detail` VALUES (1215, 5, 16, 10, 'B');
INSERT INTO `exam_detail` VALUES (1216, 5, 16, 85, 'C');
INSERT INTO `exam_detail` VALUES (1217, 5, 16, 6, 'A');
INSERT INTO `exam_detail` VALUES (1218, 5, 16, 9, 'A');
INSERT INTO `exam_detail` VALUES (1219, 5, 16, 129, 'A');
INSERT INTO `exam_detail` VALUES (1220, 5, 16, 75, 'C');
INSERT INTO `exam_detail` VALUES (1221, 5, 16, 35, 'A');
INSERT INTO `exam_detail` VALUES (1222, 5, 16, 12, 'A');
INSERT INTO `exam_detail` VALUES (1223, 5, 16, 46, 'A');
INSERT INTO `exam_detail` VALUES (1224, 5, 16, 26, 'A');
INSERT INTO `exam_detail` VALUES (1225, 5, 16, 163, 'D');
INSERT INTO `exam_detail` VALUES (1226, 5, 16, 98, 'C');
INSERT INTO `exam_detail` VALUES (1227, 5, 16, 60, 'B');
INSERT INTO `exam_detail` VALUES (1228, 5, 16, 164, 'C');
INSERT INTO `exam_detail` VALUES (1229, 5, 16, 43, 'A');
INSERT INTO `exam_detail` VALUES (1230, 5, 16, 13, 'A');
INSERT INTO `exam_detail` VALUES (1231, 5, 16, 32, 'A');
INSERT INTO `exam_detail` VALUES (1232, 5, 16, 8, 'A');
INSERT INTO `exam_detail` VALUES (1233, 5, 16, 134, 'A');
INSERT INTO `exam_detail` VALUES (1234, 5, 16, 47, 'B');
INSERT INTO `exam_detail` VALUES (1235, 5, 16, 11, 'B');
INSERT INTO `exam_detail` VALUES (1236, 5, 16, 2, 'B');
INSERT INTO `exam_detail` VALUES (1237, 5, 16, 169, 'B');
INSERT INTO `exam_detail` VALUES (1238, 5, 16, 108, 'D');
INSERT INTO `exam_detail` VALUES (1239, 5, 16, 97, 'D');
INSERT INTO `exam_detail` VALUES (1240, 5, 16, 158, 'C');
INSERT INTO `exam_detail` VALUES (1241, 5, 16, 172, 'A');
INSERT INTO `exam_detail` VALUES (1242, 5, 16, 162, 'D');
INSERT INTO `exam_detail` VALUES (1243, 5, 16, 152, 'A');
INSERT INTO `exam_detail` VALUES (1244, 5, 16, 173, 'C');
INSERT INTO `exam_detail` VALUES (1245, 5, 16, 157, 'C');
INSERT INTO `exam_detail` VALUES (1246, 5, 16, 28, 'A');
INSERT INTO `exam_detail` VALUES (1247, 5, 16, 17, 'A');
INSERT INTO `exam_detail` VALUES (1248, 5, 16, 133, 'C');
INSERT INTO `exam_detail` VALUES (1249, 5, 16, 39, 'A');
INSERT INTO `exam_detail` VALUES (1250, 5, 16, 144, 'D');
INSERT INTO `exam_detail` VALUES (1251, 5, 16, 36, 'A');
INSERT INTO `exam_detail` VALUES (1252, 5, 16, 148, 'C');
INSERT INTO `exam_detail` VALUES (1253, 5, 16, 57, 'A');
INSERT INTO `exam_detail` VALUES (1254, 5, 16, 22, 'B');
INSERT INTO `exam_detail` VALUES (1255, 5, 16, 100, 'C');
INSERT INTO `exam_detail` VALUES (1256, 5, 16, 117, 'B');
INSERT INTO `exam_detail` VALUES (1257, 5, 16, 53, 'A');
INSERT INTO `exam_detail` VALUES (1258, 5, 16, 104, 'B');
INSERT INTO `exam_detail` VALUES (1259, 5, 16, 176, 'C');
INSERT INTO `exam_detail` VALUES (1260, 5, 16, 59, 'B');
INSERT INTO `exam_detail` VALUES (1261, 5, 16, 91, 'C');
INSERT INTO `exam_detail` VALUES (1262, 5, 16, 90, 'C');
INSERT INTO `exam_detail` VALUES (1263, 5, 16, 136, 'C');
INSERT INTO `exam_detail` VALUES (1264, 5, 16, 177, 'C');
INSERT INTO `exam_detail` VALUES (1265, 5, 16, 160, 'C');
INSERT INTO `exam_detail` VALUES (1266, 5, 16, 146, 'C');
INSERT INTO `exam_detail` VALUES (1267, 5, 16, 37, 'B');
INSERT INTO `exam_detail` VALUES (1268, 5, 16, 25, 'B');
INSERT INTO `exam_detail` VALUES (1269, 5, 16, 110, '');
INSERT INTO `exam_detail` VALUES (1270, 5, 16, 156, '');
INSERT INTO `exam_detail` VALUES (1271, 5, 16, 161, '');
INSERT INTO `exam_detail` VALUES (1272, 5, 16, 40, '');
INSERT INTO `exam_detail` VALUES (1273, 5, 16, 4, '');
INSERT INTO `exam_detail` VALUES (1274, 5, 16, 52, '');
INSERT INTO `exam_detail` VALUES (1275, 5, 16, 131, '');
INSERT INTO `exam_detail` VALUES (1276, 5, 16, 66, '');
INSERT INTO `exam_detail` VALUES (1277, 5, 16, 18, '');
INSERT INTO `exam_detail` VALUES (1278, 5, 16, 34, '');
INSERT INTO `exam_detail` VALUES (1279, 5, 16, 82, '');
INSERT INTO `exam_detail` VALUES (1280, 5, 16, 30, '');
INSERT INTO `exam_detail` VALUES (1281, 5, 16, 168, '');
INSERT INTO `exam_detail` VALUES (1282, 5, 16, 54, '');
INSERT INTO `exam_detail` VALUES (1283, 5, 16, 138, '');
INSERT INTO `exam_detail` VALUES (1284, 5, 16, 175, '');
INSERT INTO `exam_detail` VALUES (1285, 5, 17, 137, 'A');
INSERT INTO `exam_detail` VALUES (1286, 5, 17, 106, 'C');
INSERT INTO `exam_detail` VALUES (1287, 5, 17, 124, 'B');
INSERT INTO `exam_detail` VALUES (1288, 5, 17, 126, 'B');
INSERT INTO `exam_detail` VALUES (1289, 5, 17, 64, 'B');
INSERT INTO `exam_detail` VALUES (1290, 5, 17, 103, 'B');
INSERT INTO `exam_detail` VALUES (1291, 5, 17, 120, 'B');
INSERT INTO `exam_detail` VALUES (1292, 5, 17, 71, 'C');
INSERT INTO `exam_detail` VALUES (1293, 5, 17, 109, 'C');
INSERT INTO `exam_detail` VALUES (1294, 5, 17, 147, 'B');
INSERT INTO `exam_detail` VALUES (1295, 5, 17, 44, 'C');
INSERT INTO `exam_detail` VALUES (1296, 5, 17, 69, 'B');
INSERT INTO `exam_detail` VALUES (1297, 5, 17, 96, 'B');
INSERT INTO `exam_detail` VALUES (1298, 5, 17, 93, 'C');
INSERT INTO `exam_detail` VALUES (1299, 5, 17, 38, 'B');
INSERT INTO `exam_detail` VALUES (1300, 5, 17, 128, 'B');
INSERT INTO `exam_detail` VALUES (1301, 5, 17, 73, 'B');
INSERT INTO `exam_detail` VALUES (1302, 5, 17, 81, 'A;D');
INSERT INTO `exam_detail` VALUES (1303, 5, 17, 55, 'C');
INSERT INTO `exam_detail` VALUES (1304, 5, 17, 130, 'B');
INSERT INTO `exam_detail` VALUES (1305, 5, 17, 127, 'B');
INSERT INTO `exam_detail` VALUES (1306, 5, 17, 65, 'B;C');
INSERT INTO `exam_detail` VALUES (1307, 5, 17, 62, 'B;C');
INSERT INTO `exam_detail` VALUES (1308, 5, 17, 78, 'B');
INSERT INTO `exam_detail` VALUES (1309, 5, 17, 33, 'B');
INSERT INTO `exam_detail` VALUES (1310, 5, 17, 50, 'B');
INSERT INTO `exam_detail` VALUES (1311, 5, 17, 143, 'B');
INSERT INTO `exam_detail` VALUES (1312, 5, 17, 114, 'A');
INSERT INTO `exam_detail` VALUES (1313, 5, 17, 86, 'B');
INSERT INTO `exam_detail` VALUES (1314, 5, 17, 150, 'A');
INSERT INTO `exam_detail` VALUES (1315, 5, 17, 112, 'A');
INSERT INTO `exam_detail` VALUES (1316, 5, 17, 84, 'A');
INSERT INTO `exam_detail` VALUES (1317, 5, 17, 99, 'A');
INSERT INTO `exam_detail` VALUES (1318, 5, 17, 118, 'A');
INSERT INTO `exam_detail` VALUES (1319, 5, 17, 151, 'A');
INSERT INTO `exam_detail` VALUES (1320, 5, 17, 122, 'A');
INSERT INTO `exam_detail` VALUES (1321, 5, 17, 135, 'A');
INSERT INTO `exam_detail` VALUES (1322, 5, 17, 102, 'A');
INSERT INTO `exam_detail` VALUES (1323, 5, 17, 101, 'A');
INSERT INTO `exam_detail` VALUES (1324, 5, 17, 111, 'A');
INSERT INTO `exam_detail` VALUES (1325, 5, 17, 24, 'A');
INSERT INTO `exam_detail` VALUES (1326, 5, 17, 89, 'A');
INSERT INTO `exam_detail` VALUES (1327, 5, 17, 140, 'A');
INSERT INTO `exam_detail` VALUES (1328, 5, 17, 116, 'A');
INSERT INTO `exam_detail` VALUES (1329, 5, 17, 3, 'A');
INSERT INTO `exam_detail` VALUES (1330, 5, 17, 20, 'A');
INSERT INTO `exam_detail` VALUES (1331, 5, 17, 63, 'A');
INSERT INTO `exam_detail` VALUES (1332, 5, 17, 76, 'A');
INSERT INTO `exam_detail` VALUES (1333, 5, 17, 15, 'A');
INSERT INTO `exam_detail` VALUES (1334, 5, 17, 29, 'A');
INSERT INTO `exam_detail` VALUES (1335, 3, 18, 66, 'A');
INSERT INTO `exam_detail` VALUES (1336, 3, 18, 157, 'A');
INSERT INTO `exam_detail` VALUES (1337, 3, 18, 154, 'A');
INSERT INTO `exam_detail` VALUES (1338, 3, 18, 100, '');
INSERT INTO `exam_detail` VALUES (1339, 3, 18, 104, '');
INSERT INTO `exam_detail` VALUES (1340, 3, 18, 168, '');
INSERT INTO `exam_detail` VALUES (1341, 3, 18, 18, '');
INSERT INTO `exam_detail` VALUES (1342, 3, 18, 160, '');
INSERT INTO `exam_detail` VALUES (1343, 3, 18, 98, '');
INSERT INTO `exam_detail` VALUES (1344, 3, 18, 149, '');
INSERT INTO `exam_detail` VALUES (1345, 3, 18, 67, '');
INSERT INTO `exam_detail` VALUES (1346, 3, 18, 119, '');
INSERT INTO `exam_detail` VALUES (1347, 3, 18, 53, '');
INSERT INTO `exam_detail` VALUES (1348, 3, 18, 91, '');
INSERT INTO `exam_detail` VALUES (1349, 3, 18, 40, '');
INSERT INTO `exam_detail` VALUES (1350, 3, 18, 7, '');
INSERT INTO `exam_detail` VALUES (1351, 3, 18, 97, '');
INSERT INTO `exam_detail` VALUES (1352, 3, 18, 87, '');
INSERT INTO `exam_detail` VALUES (1353, 3, 18, 113, '');
INSERT INTO `exam_detail` VALUES (1354, 3, 18, 105, '');
INSERT INTO `exam_detail` VALUES (1355, 3, 18, 167, '');
INSERT INTO `exam_detail` VALUES (1356, 3, 18, 155, '');
INSERT INTO `exam_detail` VALUES (1357, 3, 18, 9, '');
INSERT INTO `exam_detail` VALUES (1358, 3, 18, 30, '');
INSERT INTO `exam_detail` VALUES (1359, 3, 18, 77, '');
INSERT INTO `exam_detail` VALUES (1360, 3, 18, 46, '');
INSERT INTO `exam_detail` VALUES (1361, 3, 18, 131, '');
INSERT INTO `exam_detail` VALUES (1362, 3, 18, 17, '');
INSERT INTO `exam_detail` VALUES (1363, 3, 18, 159, '');
INSERT INTO `exam_detail` VALUES (1364, 3, 18, 39, '');
INSERT INTO `exam_detail` VALUES (1365, 3, 18, 47, '');
INSERT INTO `exam_detail` VALUES (1366, 3, 18, 121, '');
INSERT INTO `exam_detail` VALUES (1367, 3, 18, 36, '');
INSERT INTO `exam_detail` VALUES (1368, 3, 18, 141, '');
INSERT INTO `exam_detail` VALUES (1369, 3, 18, 49, '');
INSERT INTO `exam_detail` VALUES (1370, 3, 18, 6, '');
INSERT INTO `exam_detail` VALUES (1371, 3, 18, 133, '');
INSERT INTO `exam_detail` VALUES (1372, 3, 18, 175, '');
INSERT INTO `exam_detail` VALUES (1373, 3, 18, 162, '');
INSERT INTO `exam_detail` VALUES (1374, 3, 18, 172, '');
INSERT INTO `exam_detail` VALUES (1375, 3, 18, 68, '');
INSERT INTO `exam_detail` VALUES (1376, 3, 18, 14, '');
INSERT INTO `exam_detail` VALUES (1377, 3, 18, 60, '');
INSERT INTO `exam_detail` VALUES (1378, 3, 18, 70, '');
INSERT INTO `exam_detail` VALUES (1379, 3, 18, 90, '');
INSERT INTO `exam_detail` VALUES (1380, 3, 18, 107, '');
INSERT INTO `exam_detail` VALUES (1381, 3, 18, 108, '');
INSERT INTO `exam_detail` VALUES (1382, 3, 18, 117, '');
INSERT INTO `exam_detail` VALUES (1383, 3, 18, 21, '');
INSERT INTO `exam_detail` VALUES (1384, 3, 18, 163, '');
INSERT INTO `exam_detail` VALUES (1385, 3, 18, 35, '');
INSERT INTO `exam_detail` VALUES (1386, 3, 18, 92, '');
INSERT INTO `exam_detail` VALUES (1387, 3, 18, 57, '');
INSERT INTO `exam_detail` VALUES (1388, 3, 18, 4, '');
INSERT INTO `exam_detail` VALUES (1389, 3, 18, 51, '');
INSERT INTO `exam_detail` VALUES (1390, 3, 18, 56, '');
INSERT INTO `exam_detail` VALUES (1391, 3, 18, 95, '');
INSERT INTO `exam_detail` VALUES (1392, 3, 18, 79, '');
INSERT INTO `exam_detail` VALUES (1393, 3, 18, 156, '');
INSERT INTO `exam_detail` VALUES (1394, 3, 18, 146, '');
INSERT INTO `exam_detail` VALUES (1395, 3, 18, 144, '');
INSERT INTO `exam_detail` VALUES (1396, 3, 18, 52, '');
INSERT INTO `exam_detail` VALUES (1397, 3, 18, 173, '');
INSERT INTO `exam_detail` VALUES (1398, 3, 18, 139, '');
INSERT INTO `exam_detail` VALUES (1399, 3, 18, 59, '');
INSERT INTO `exam_detail` VALUES (1400, 3, 18, 26, '');
INSERT INTO `exam_detail` VALUES (1401, 3, 18, 88, '');
INSERT INTO `exam_detail` VALUES (1402, 3, 18, 129, '');
INSERT INTO `exam_detail` VALUES (1403, 3, 18, 174, '');
INSERT INTO `exam_detail` VALUES (1404, 3, 18, 170, '');
INSERT INTO `exam_detail` VALUES (1405, 3, 18, 34, '');
INSERT INTO `exam_detail` VALUES (1406, 3, 18, 23, '');
INSERT INTO `exam_detail` VALUES (1407, 3, 18, 48, '');
INSERT INTO `exam_detail` VALUES (1408, 3, 18, 74, '');
INSERT INTO `exam_detail` VALUES (1409, 3, 18, 28, '');
INSERT INTO `exam_detail` VALUES (1410, 3, 18, 42, '');
INSERT INTO `exam_detail` VALUES (1411, 3, 18, 16, '');
INSERT INTO `exam_detail` VALUES (1412, 3, 18, 82, '');
INSERT INTO `exam_detail` VALUES (1413, 3, 18, 10, '');
INSERT INTO `exam_detail` VALUES (1414, 3, 18, 27, '');
INSERT INTO `exam_detail` VALUES (1415, 3, 18, 152, '');
INSERT INTO `exam_detail` VALUES (1416, 3, 18, 142, '');
INSERT INTO `exam_detail` VALUES (1417, 3, 18, 85, '');
INSERT INTO `exam_detail` VALUES (1418, 3, 18, 158, '');
INSERT INTO `exam_detail` VALUES (1419, 3, 18, 25, '');
INSERT INTO `exam_detail` VALUES (1420, 3, 18, 8, '');
INSERT INTO `exam_detail` VALUES (1421, 3, 18, 161, 'B');
INSERT INTO `exam_detail` VALUES (1422, 3, 18, 83, 'A');
INSERT INTO `exam_detail` VALUES (1423, 3, 18, 19, 'A');
INSERT INTO `exam_detail` VALUES (1424, 3, 18, 134, 'A');
INSERT INTO `exam_detail` VALUES (1425, 3, 18, 5, '');
INSERT INTO `exam_detail` VALUES (1426, 3, 18, 72, '');
INSERT INTO `exam_detail` VALUES (1427, 3, 18, 94, '');
INSERT INTO `exam_detail` VALUES (1428, 3, 18, 22, '');
INSERT INTO `exam_detail` VALUES (1429, 3, 18, 176, '');
INSERT INTO `exam_detail` VALUES (1430, 3, 18, 43, '');
INSERT INTO `exam_detail` VALUES (1431, 3, 18, 11, '');
INSERT INTO `exam_detail` VALUES (1432, 3, 18, 58, '');
INSERT INTO `exam_detail` VALUES (1433, 3, 18, 41, '');
INSERT INTO `exam_detail` VALUES (1434, 3, 18, 138, '');
INSERT INTO `exam_detail` VALUES (1435, 3, 19, 25, 'A');
INSERT INTO `exam_detail` VALUES (1436, 3, 19, 53, 'A');
INSERT INTO `exam_detail` VALUES (1437, 3, 19, 22, 'B');
INSERT INTO `exam_detail` VALUES (1438, 3, 19, 11, 'B');
INSERT INTO `exam_detail` VALUES (1439, 3, 19, 47, 'A');
INSERT INTO `exam_detail` VALUES (1440, 3, 19, 19, '');
INSERT INTO `exam_detail` VALUES (1441, 3, 19, 146, '');
INSERT INTO `exam_detail` VALUES (1442, 3, 19, 171, '');
INSERT INTO `exam_detail` VALUES (1443, 3, 19, 13, '');
INSERT INTO `exam_detail` VALUES (1444, 3, 19, 123, '');
INSERT INTO `exam_detail` VALUES (1445, 3, 19, 92, '');
INSERT INTO `exam_detail` VALUES (1446, 3, 19, 156, '');
INSERT INTO `exam_detail` VALUES (1447, 3, 19, 136, '');
INSERT INTO `exam_detail` VALUES (1448, 3, 19, 90, '');
INSERT INTO `exam_detail` VALUES (1449, 3, 19, 79, '');
INSERT INTO `exam_detail` VALUES (1450, 3, 19, 172, '');
INSERT INTO `exam_detail` VALUES (1451, 3, 19, 165, '');
INSERT INTO `exam_detail` VALUES (1452, 3, 19, 113, '');
INSERT INTO `exam_detail` VALUES (1453, 3, 19, 52, '');
INSERT INTO `exam_detail` VALUES (1454, 3, 19, 48, '');
INSERT INTO `exam_detail` VALUES (1455, 3, 19, 138, '');
INSERT INTO `exam_detail` VALUES (1456, 3, 19, 169, '');
INSERT INTO `exam_detail` VALUES (1457, 3, 19, 70, '');
INSERT INTO `exam_detail` VALUES (1458, 3, 19, 39, '');
INSERT INTO `exam_detail` VALUES (1459, 3, 19, 167, '');
INSERT INTO `exam_detail` VALUES (1460, 3, 19, 5, '');
INSERT INTO `exam_detail` VALUES (1461, 3, 19, 4, '');
INSERT INTO `exam_detail` VALUES (1462, 3, 19, 115, '');
INSERT INTO `exam_detail` VALUES (1463, 3, 19, 98, '');
INSERT INTO `exam_detail` VALUES (1464, 3, 19, 43, '');
INSERT INTO `exam_detail` VALUES (1465, 3, 19, 60, '');
INSERT INTO `exam_detail` VALUES (1466, 3, 19, 46, '');
INSERT INTO `exam_detail` VALUES (1467, 3, 19, 95, '');
INSERT INTO `exam_detail` VALUES (1468, 3, 19, 94, '');
INSERT INTO `exam_detail` VALUES (1469, 3, 19, 14, '');
INSERT INTO `exam_detail` VALUES (1470, 3, 19, 61, '');
INSERT INTO `exam_detail` VALUES (1471, 3, 19, 82, '');
INSERT INTO `exam_detail` VALUES (1472, 3, 19, 170, '');
INSERT INTO `exam_detail` VALUES (1473, 3, 19, 83, '');
INSERT INTO `exam_detail` VALUES (1474, 3, 19, 176, '');
INSERT INTO `exam_detail` VALUES (1475, 3, 19, 56, '');
INSERT INTO `exam_detail` VALUES (1476, 3, 19, 148, '');
INSERT INTO `exam_detail` VALUES (1477, 3, 19, 131, '');
INSERT INTO `exam_detail` VALUES (1478, 3, 19, 104, '');
INSERT INTO `exam_detail` VALUES (1479, 3, 19, 74, '');
INSERT INTO `exam_detail` VALUES (1480, 3, 19, 57, '');
INSERT INTO `exam_detail` VALUES (1481, 3, 19, 37, '');
INSERT INTO `exam_detail` VALUES (1482, 3, 19, 72, '');
INSERT INTO `exam_detail` VALUES (1483, 3, 19, 59, '');
INSERT INTO `exam_detail` VALUES (1484, 3, 19, 21, '');
INSERT INTO `exam_detail` VALUES (1485, 3, 19, 129, '');
INSERT INTO `exam_detail` VALUES (1486, 3, 19, 100, '');
INSERT INTO `exam_detail` VALUES (1487, 3, 19, 6, '');
INSERT INTO `exam_detail` VALUES (1488, 3, 19, 174, '');
INSERT INTO `exam_detail` VALUES (1489, 3, 19, 54, '');
INSERT INTO `exam_detail` VALUES (1490, 3, 19, 119, '');
INSERT INTO `exam_detail` VALUES (1491, 3, 19, 9, '');
INSERT INTO `exam_detail` VALUES (1492, 3, 19, 10, '');
INSERT INTO `exam_detail` VALUES (1493, 3, 19, 121, '');
INSERT INTO `exam_detail` VALUES (1494, 3, 19, 16, '');
INSERT INTO `exam_detail` VALUES (1495, 3, 19, 67, '');
INSERT INTO `exam_detail` VALUES (1496, 3, 19, 35, '');
INSERT INTO `exam_detail` VALUES (1497, 3, 19, 142, '');
INSERT INTO `exam_detail` VALUES (1498, 3, 19, 68, '');
INSERT INTO `exam_detail` VALUES (1499, 3, 19, 110, '');
INSERT INTO `exam_detail` VALUES (1500, 3, 19, 42, '');
INSERT INTO `exam_detail` VALUES (1501, 3, 19, 168, '');
INSERT INTO `exam_detail` VALUES (1502, 3, 19, 133, '');
INSERT INTO `exam_detail` VALUES (1503, 3, 19, 159, '');
INSERT INTO `exam_detail` VALUES (1504, 3, 19, 18, '');
INSERT INTO `exam_detail` VALUES (1505, 3, 19, 26, '');
INSERT INTO `exam_detail` VALUES (1506, 3, 19, 157, '');
INSERT INTO `exam_detail` VALUES (1507, 3, 19, 36, '');
INSERT INTO `exam_detail` VALUES (1508, 3, 19, 7, '');
INSERT INTO `exam_detail` VALUES (1509, 3, 19, 153, '');
INSERT INTO `exam_detail` VALUES (1510, 3, 19, 12, '');
INSERT INTO `exam_detail` VALUES (1511, 3, 19, 105, '');
INSERT INTO `exam_detail` VALUES (1512, 3, 19, 17, '');
INSERT INTO `exam_detail` VALUES (1513, 3, 19, 155, '');
INSERT INTO `exam_detail` VALUES (1514, 3, 19, 117, '');
INSERT INTO `exam_detail` VALUES (1515, 3, 19, 97, '');
INSERT INTO `exam_detail` VALUES (1516, 3, 19, 2, '');
INSERT INTO `exam_detail` VALUES (1517, 3, 19, 8, '');
INSERT INTO `exam_detail` VALUES (1518, 3, 19, 158, '');
INSERT INTO `exam_detail` VALUES (1519, 3, 19, 154, '');
INSERT INTO `exam_detail` VALUES (1520, 3, 19, 34, '');
INSERT INTO `exam_detail` VALUES (1521, 3, 19, 77, '');
INSERT INTO `exam_detail` VALUES (1522, 3, 19, 66, '');
INSERT INTO `exam_detail` VALUES (1523, 3, 19, 139, '');
INSERT INTO `exam_detail` VALUES (1524, 3, 19, 88, '');
INSERT INTO `exam_detail` VALUES (1525, 3, 19, 91, '');
INSERT INTO `exam_detail` VALUES (1526, 3, 19, 161, '');
INSERT INTO `exam_detail` VALUES (1527, 3, 19, 31, '');
INSERT INTO `exam_detail` VALUES (1528, 3, 19, 134, '');
INSERT INTO `exam_detail` VALUES (1529, 3, 19, 80, '');
INSERT INTO `exam_detail` VALUES (1530, 3, 19, 85, '');
INSERT INTO `exam_detail` VALUES (1531, 3, 19, 163, '');
INSERT INTO `exam_detail` VALUES (1532, 3, 19, 75, '');
INSERT INTO `exam_detail` VALUES (1533, 3, 19, 149, '');
INSERT INTO `exam_detail` VALUES (1534, 3, 19, 152, '');

-- ----------------------------
-- Table structure for exam_result
-- ----------------------------
DROP TABLE IF EXISTS `exam_result`;
CREATE TABLE `exam_result`  (
  `id` int UNSIGNED NOT NULL AUTO_INCREMENT COMMENT '主键ID',
  `userId` int UNSIGNED NOT NULL COMMENT '用户ID',
  `category` varchar(255) CHARACTER SET utf8mb4 COLLATE utf8mb4_0900_ai_ci NOT NULL COMMENT '分类名称',
  `totalNumber` int UNSIGNED NOT NULL COMMENT '共计题目数量',
  `correctNumber` int UNSIGNED NOT NULL COMMENT '答对题目数量',
  `score` double(100, 2) UNSIGNED NOT NULL COMMENT '分数',
  PRIMARY KEY (`id`) USING BTREE,
  INDEX `category`(`category`) USING BTREE,
  INDEX `userId`(`userId`) USING BTREE,
  CONSTRAINT `category` FOREIGN KEY (`category`) REFERENCES `category` (`categoryName`) ON DELETE CASCADE ON UPDATE RESTRICT,
  CONSTRAINT `userId` FOREIGN KEY (`userId`) REFERENCES `users` (`id`) ON DELETE CASCADE ON UPDATE RESTRICT
) ENGINE = InnoDB AUTO_INCREMENT = 19 CHARACTER SET = utf8mb4 COLLATE = utf8mb4_0900_ai_ci ROW_FORMAT = Dynamic;

-- ----------------------------
-- Records of exam_result
-- ----------------------------
INSERT INTO `exam_result` VALUES (1, 3, '科目一', 98, 3, 3.00);
INSERT INTO `exam_result` VALUES (2, 3, '科目一', 98, 3, 3.00);
INSERT INTO `exam_result` VALUES (3, 3, '科目一', 98, 3, 3.00);
INSERT INTO `exam_result` VALUES (4, 3, '科目一', 98, 5, 5.00);
INSERT INTO `exam_result` VALUES (5, 3, '科目一', 98, 5, 5.00);
INSERT INTO `exam_result` VALUES (6, 3, '科目一', 98, 1, 1.00);
INSERT INTO `exam_result` VALUES (7, 3, '科目一', 98, 1, 1.00);
INSERT INTO `exam_result` VALUES (8, 3, '科目一', 98, 3, 3.00);
INSERT INTO `exam_result` VALUES (9, 3, '科目一', 98, 5, 5.00);
INSERT INTO `exam_result` VALUES (10, 3, '科目一', 98, 3, 3.00);
INSERT INTO `exam_result` VALUES (11, 3, '科目四', 50, 1, 2.00);
INSERT INTO `exam_result` VALUES (12, 4, '科目四', 50, 3, 6.00);
INSERT INTO `exam_result` VALUES (13, 5, '科目一', 100, 39, 39.00);
INSERT INTO `exam_result` VALUES (14, 5, '科目一', 100, 32, 32.00);
INSERT INTO `exam_result` VALUES (15, 3, '科目一', 100, 0, 0.00);
INSERT INTO `exam_result` VALUES (16, 5, '科目一', 100, 50, 50.00);
INSERT INTO `exam_result` VALUES (17, 5, '科目四', 50, 15, 30.00);
INSERT INTO `exam_result` VALUES (18, 3, '科目一', 100, 1, 1.00);
INSERT INTO `exam_result` VALUES (19, 3, '科目一', 100, 3, 3.00);

-- ----------------------------
-- Table structure for questions
-- ----------------------------
DROP TABLE IF EXISTS `questions`;
CREATE TABLE `questions`  (
  `id` int UNSIGNED NOT NULL AUTO_INCREMENT COMMENT '主键ID',
  `category` varchar(255) CHARACTER SET utf8mb4 COLLATE utf8mb4_0900_ai_ci NOT NULL COMMENT '分类目录名称',
  `title` varchar(255) CHARACTER SET utf8mb4 COLLATE utf8mb4_0900_ai_ci NOT NULL COMMENT '标题',
  `attachment` blob NULL COMMENT '（未使用）附件二进制',
  `optionA` varchar(255) CHARACTER SET utf8mb4 COLLATE utf8mb4_0900_ai_ci NOT NULL COMMENT '选项A',
  `optionB` varchar(255) CHARACTER SET utf8mb4 COLLATE utf8mb4_0900_ai_ci NOT NULL COMMENT '选项B',
  `optionC` varchar(255) CHARACTER SET utf8mb4 COLLATE utf8mb4_0900_ai_ci NULL DEFAULT NULL COMMENT '选项C',
  `optionD` varchar(255) CHARACTER SET utf8mb4 COLLATE utf8mb4_0900_ai_ci NULL DEFAULT NULL COMMENT '选项D',
  `correct` varchar(255) CHARACTER SET utf8mb4 COLLATE utf8mb4_0900_ai_ci NOT NULL COMMENT '正确答案',
  PRIMARY KEY (`id`) USING BTREE,
  INDEX `category_key2`(`category`) USING BTREE,
  CONSTRAINT `category_key2` FOREIGN KEY (`category`) REFERENCES `category` (`categoryName`) ON DELETE CASCADE ON UPDATE RESTRICT
) ENGINE = InnoDB AUTO_INCREMENT = 178 CHARACTER SET = utf8mb4 COLLATE = utf8mb4_0900_ai_ci ROW_FORMAT = Dynamic;

-- ----------------------------
-- Records of questions
-- ----------------------------
INSERT INTO `questions` VALUES (2, '科目一', '上路行驶的机动车未随车携带身份证的，交通警察可依法扣留机动车。', NULL, '对', '错', '', '', 'B');
INSERT INTO `questions` VALUES (3, '科目四', '张某驾驶车辆在高速公路上发生故障不能移动，开启危险报警闪光灯后下车，联系朋友李某驾驶私家车帮忙拖曳到应急车道。李某拖曳故障车的过程中，刘某驾驶货运车辆以每小时110公里的速度驶来，导致三车相撞。这起事故中的违法行为有哪些？', NULL, '张某疲劳驾驶', '李某用私家车拖曳故障车辆', '刘某超速行驶', '未在故障车辆后设置警示标志', 'B;C;D');
INSERT INTO `questions` VALUES (4, '科目一', '交通信号灯显示红灯时，驾驶员可以立即驶出路口', NULL, '对', '错', '', '', 'B');
INSERT INTO `questions` VALUES (5, '科目一', '交通信号灯显示黄灯时，驾驶员可以迅速通过路口。', NULL, '对', '错', '', '', 'B');
INSERT INTO `questions` VALUES (6, '科目一', '左转箭头标志的交通信号灯，表示左转车道可以直行或左转弯。', NULL, '对', '错', '', '', 'B');
INSERT INTO `questions` VALUES (7, '科目一', '交通信号灯为绿色，表示允许直行或左转弯。', NULL, '对', '错', '', '', 'B');
INSERT INTO `questions` VALUES (8, '科目一', '等候通过红灯时，驾驶员应将车辆停放在虚线框内的位置。', NULL, '对', '错', '', '', 'A');
INSERT INTO `questions` VALUES (9, '科目一', '驾驶人在道路上行驶时，不得驾驶机动车抛掷物品。', NULL, '对', '错', '', '', 'A');
INSERT INTO `questions` VALUES (10, '科目一', '驾驶机动车出现故障或事故后，应立即下车查看，并在车后50米处设置警告标志。', NULL, '对', '错', '', '', 'A');
INSERT INTO `questions` VALUES (11, '科目一', '驾驶员连续驾驶4小时以上应当停车休息，每次休息不少于10分钟。', NULL, '对', '错', '', '', 'B');
INSERT INTO `questions` VALUES (12, '科目一', '驾驶机动车积水深度达到车底时，车辆行驶稳定性将受影响。', NULL, '对', '错', '', '', 'A');
INSERT INTO `questions` VALUES (13, '科目一', '为了安全，驾驶人在行车前应当仔细检查车辆，排除故障。', NULL, '对', '错', '', '', 'A');
INSERT INTO `questions` VALUES (14, '科目一', '黄色实线是车道分界线，用于区分机动车道、非机动车道和人行道。', NULL, '对', '错', '', '', 'B');
INSERT INTO `questions` VALUES (15, '科目四', '林某驾车以110公里/小时的速度在城市道路行驶，与一辆机动车追尾后弃车逃离被群众拦下。经鉴定，事发时林某血液中的酒精浓度为135.8毫克/百毫升。林某的主要违法行为是什么？', NULL, '醉酒驾驶', '超速驾驶', '疲劳驾驶', '肇事逃逸', 'A;B;D');
INSERT INTO `questions` VALUES (16, '科目一', '导向车道标线是最左边的车道，用于指引车辆向左转弯。', NULL, '对', '错', '', '', 'B');
INSERT INTO `questions` VALUES (17, '科目一', '实线道路边缘线，表示车辆不得跨线行驶，可用于分隔单向机动车道和两个相反方向行驶的车道。', NULL, '对', '错', '', '', 'A');
INSERT INTO `questions` VALUES (18, '科目一', '偏左黄色实线仅用于中央隔离带。', NULL, '对', '错', '', '', 'A');
INSERT INTO `questions` VALUES (19, '科目一', '三角形交通标志是警告标志，用于表示前方有危险或需要提醒行人和车辆注意。', NULL, '对', '错', '', '', 'A');
INSERT INTO `questions` VALUES (20, '科目四', '周某夜间驾驶大货车在没有路灯的城市道路上以90公里/小时的速度行驶，一直开启远光灯，在通过一窄路时，因加速抢道，导致对面驶来的一辆小客车撞上右侧护栏。周某的主要违法行为是什么？', NULL, '超速行驶', '不按规定会车', '疲劳驾驶', '不按规定使用灯光', 'A;B;D');
INSERT INTO `questions` VALUES (21, '科目一', '行驶中禁止超车的情况包括辆车通过没有隔离带的人行横道时', NULL, '对', '错', '', '', 'A');
INSERT INTO `questions` VALUES (22, '科目一', '连续驾驶4小时以上应停车休息，每次休息不少于10分钟，否则可能导致“路途疲劳”。', NULL, '对', '错', '', '', 'A');
INSERT INTO `questions` VALUES (23, '科目一', '驾驶上坡时，可以把挡位“空挡”，以免车辆熄火。', NULL, '对', '错', '', '', 'B');
INSERT INTO `questions` VALUES (24, '科目四', '变更车道前确认后方无来车时可以不开转向灯变道。', NULL, '正确', '错误', '', '', 'B');
INSERT INTO `questions` VALUES (25, '科目一', '在行车中发生故障或意外时，应立即刹车踏板急刹车，并据实际情况正确处理。', NULL, '对', '错', '', '', 'A');
INSERT INTO `questions` VALUES (26, '科目一', '夜间通过急弯、坡路、拱桥等视线不良处，车灯应调整为远光。', NULL, '对', '错', '', '', 'B');
INSERT INTO `questions` VALUES (27, '科目一', '新手驾驶员在驾驶证领证后的第一年内，不得驾驶客货运载摩托车和营运客车。', NULL, '对', '错', '', '', 'A;B');
INSERT INTO `questions` VALUES (28, '科目一', '驾驶车辆通过学校区域应注意避让行人和未成年人。', NULL, '对', '错', '', '', 'A');
INSERT INTO `questions` VALUES (29, '科目四', '行车中驾驶人接打手机或发短信有什么危害？', NULL, '影响乘车人休息', '分散驾驶注意力', '影响正常驾驶操作', '遇紧急情况反应不及', 'B;C;D');
INSERT INTO `questions` VALUES (30, '科目一', '因饮酒、服用毒品等影响情况下驾驶机动车发生交通事故，将被依法追究刑事责任。', NULL, '对', '错', '', '', 'A');
INSERT INTO `questions` VALUES (31, '科目一', '驾驶时持有有效的驾驶证和行驶证件是行车的基本条件。', NULL, '对', '错', '', '', 'A');
INSERT INTO `questions` VALUES (32, '科目一', '在高速公路路段行驶，载货汽车的最高时速为90公里/小时。', NULL, '对', '错', '', '', 'B');
INSERT INTO `questions` VALUES (33, '科目四', '下列做法哪些可以有效避免驾驶疲劳？', NULL, '连续驾驶不超过4小时', '用餐不宜过饱', '保持良好的睡眠', '餐后适当休息后驾车', 'A;B;C;D');
INSERT INTO `questions` VALUES (34, '科目一', '从卡车后方超车时，超车完成后，可以立即驶回原车道行驶。', NULL, '对', '错', '', '', 'B');
INSERT INTO `questions` VALUES (35, '科目一', '车辆行驶时，不允许将车内废物抛掷到道路上。', NULL, '对', '错', '', '', 'A');
INSERT INTO `questions` VALUES (36, '科目一', '夜间在照明良好的道路上行驶，不允许使用远光灯。', NULL, '对', '错', '', '', 'B');
INSERT INTO `questions` VALUES (37, '科目一', '驾驶时更换车道，应提前开启转向灯信号并观察后方情况，通过后关掉转向灯。', NULL, '对', '错', '', '', 'A');
INSERT INTO `questions` VALUES (38, '科目四', '驾驶汽车超速行驶有哪些危害？', NULL, '反应距离延长', '视野变窄', '加重事故后果', '制动距离延长', 'A;B;C;D');
INSERT INTO `questions` VALUES (39, '科目一', '直行的机动车、非机动车、行人在路口处交叉时，应该先后顺序通行。', NULL, '对', '错', '', '', 'B');
INSERT INTO `questions` VALUES (40, '科目一', '等候红灯时车辆停放在虚线框内是合法的行为。', NULL, '对', '错', '', '', 'A');
INSERT INTO `questions` VALUES (41, '科目一', '机动车通过路口前一定要确认交叉路口内没有优先权较高的路用户，遵守“来车先行”原则。 ', NULL, '对', '错', '', '', 'A');
INSERT INTO `questions` VALUES (42, '科目一', '非紧急情况下，车辆不能停放在消防通道、人行横道、可储存消火栓垂直一米区域、路口等位置或路段。 ', NULL, '对', '错', '', '', 'A');
INSERT INTO `questions` VALUES (43, '科目一', '货车因超载而超速行驶将被追究刑事责任。 ', NULL, '对', '错', '', '', 'B');
INSERT INTO `questions` VALUES (44, '科目四', '某日早上6时，冉某驾驶一辆大客车出发，连续行驶至上午11时，在宣汉县境内宣南路1公里处，坠于公路一侧垂直高度8.5米的陡坎下，造成13人死亡、9人受伤。冉某的主要违法行为是什么？', NULL, '超速行驶', '不按交通标线行驶', '客车超员', '疲劳驾驶', 'D');
INSERT INTO `questions` VALUES (45, '科目一', '优先通行道路标志标明了车辆的通行前提条件，通常只在路口片区内布置。 ', NULL, '对', '错', '', '', 'B');
INSERT INTO `questions` VALUES (46, '科目一', '有慢行车辆的道路上，机动车应在车道右侧规定位置依次排队行驶。 ', NULL, '对', '错', '', '', 'A');
INSERT INTO `questions` VALUES (47, '科目一', '道路上有许多车辆排队等候通过，驾驶员应该假冒路权，强行加塞通行。 ', NULL, '对', '错', '', '', 'B');
INSERT INTO `questions` VALUES (48, '科目一', '驾驶车辆左转弯时，应到路口左转车道相应位置等待通行机会。 ', NULL, '对', '错', '', '', 'A');
INSERT INTO `questions` VALUES (49, '科目一', '在没有交通信号灯的路口，先到达路口的车辆先行驶。 ', NULL, '对', '错', '', '', 'A');
INSERT INTO `questions` VALUES (50, '科目四', '某日13时10分，罗某驾驶一辆中型客车从高速公路0公里处出发，下午14时10分行至该高速公路125公里加200米处时，发生追尾碰撞，机动车驶出西南侧路外边坡，造成11人死亡、2人受伤。罗某的主要违法行为是什么？', NULL, '超速行驶', '不按交通标线行驶', '客车超员', '疲劳驾驶', 'A');
INSERT INTO `questions` VALUES (51, '科目一', '道路上没有小车让行的标志，非机动车应优先通过 ', NULL, '对', '错', '', '', 'B');
INSERT INTO `questions` VALUES (52, '科目一', '强降雨、大雾等恶劣天气条件下，驾驶员应该减速慢行，开启雾灯，并注意车距。 ', NULL, '对', '错', '', '', 'A');
INSERT INTO `questions` VALUES (53, '科目一', '大风天气下驾驶，与平时驾驶不同，车速应相应调整减慢。 ', NULL, '对', '错', '', '', 'A');
INSERT INTO `questions` VALUES (54, '科目一', '山区道路曲弯较多、坡陡、路边无护栏、路面湿滑，需要特别注意。 ', NULL, '对', '错', '', '', 'A');
INSERT INTO `questions` VALUES (55, '科目四', '何某驾驶一辆乘载53人的大客车（核载47人），行至宁合高速公路南京境内454公里加100米处，被一辆重型半挂牵引车追尾，导致大客车翻出路侧护栏并起火燃烧，造成17人死亡、27人受伤。何某的主要违法行为是什么？', NULL, '超速行驶', '客车超员', '驾驶逾期未年检机动车', '操作不当', 'B');
INSERT INTO `questions` VALUES (56, '科目一', '冬季路面结冰，应调整车速，加大车距，尽量避免变线、变速。 ', NULL, '对', '错', '', '', 'A');
INSERT INTO `questions` VALUES (57, '科目一', '夏季道路上温度高，轮胎更易爆胎，驾驶员出行前应定期检查轮胎气压 ', NULL, '对', '错', '', '', 'A');
INSERT INTO `questions` VALUES (58, '科目一', '交通事故后，当事人可以通过协商解决 ', NULL, '对', '错', '', '', 'A');
INSERT INTO `questions` VALUES (59, '科目一', '造成人员伤亡的交通事故，当事人不得自行私了。 ', NULL, '对', '错', '', '', 'A');
INSERT INTO `questions` VALUES (60, '科目一', '交通事故后，相关车辆应立即停车，并开启危险报警闪光灯。 ', NULL, '对', '错', '', '', 'A');
INSERT INTO `questions` VALUES (61, '科目一', '无人员伤亡的轻微交通事故，当事人可以在事故现场协商处理。 ', NULL, '对', '错', '', '', 'A');
INSERT INTO `questions` VALUES (62, '科目四', '罗某驾驶大型卧铺客车（乘载44人，核载44人）行至沿河县境内540县道58公里加500米处时，在结冰路面以每小时44公里速度行驶，导致机动车侧滑翻下公路，造成15人死亡、27人受伤。罗某的主要违法行为是什么？', NULL, '客车超员', '超速行驶', '疲劳驾驶', '操作不当', 'B');
INSERT INTO `questions` VALUES (63, '科目四', '徐某驾驶一辆中型客车（乘载27人）行至四都镇前岭村壶南头路段，在上坡过程中，机动车发生后溜驶出路外坠入落差约80米的山崖，造成11人死亡、7人受伤。徐某的主要违法行为是什么？', NULL, '疲劳驾驶', '酒后驾驶', '客车超员', '超速行驶', 'C');
INSERT INTO `questions` VALUES (64, '科目四', '佟某驾驶一辆大客车（乘载54人，核载55人)行至太原境内以45公里的时速通过一处泥泞路段时，机动车侧滑驶出路外坠入深沟，导致14人死亡、40人受伤。佟某的主要违法行为是什么？', NULL, '客车超员', '超速行驶', '酒后驾驶', '疲劳驾驶', 'B');
INSERT INTO `questions` VALUES (65, '科目四', '郝某驾驶一辆载有84.84吨货物的重型自卸货车（核载15.58吨），行至滦县境内262省道34公里加623米处，与前方同向行驶的一辆载有45.85吨货物的货车（核载1.71吨）追尾碰撞后，侧翻撞向路边人群，造成19人死亡、17人受伤。双方驾驶人共同的违法行为是什么', NULL, '超速行驶', '货车超载', '疲劳驾驶', '酒后驾驶', 'B');
INSERT INTO `questions` VALUES (66, '科目一', '牵引发生事故的机动车时，最高车速不得超过多少？\r\n', NULL, '20公里/小时', '30公里/小时', '40公里/小时', '50公里/小时', 'B');
INSERT INTO `questions` VALUES (67, '科目一', '机动车驾驶人血液中酒精含量大于或者等于多少可认定为醉驾？ \r\n', NULL, '20毫克/100毫升', '60毫克/100毫升', '80毫克/100毫升', '50毫克/100毫升', 'C');
INSERT INTO `questions` VALUES (68, '科目一', '这个标志是何含义？\r\n', NULL, '会车时停车让对方车先行', '前方是双向通行路段', '右侧道路禁止车通行', '会车时停车让右侧车先行', 'A');
INSERT INTO `questions` VALUES (69, '科目四', '周某驾驶一辆轻型厢式货车（搭载22人）行驶至丙察公路79公里加150米处时，坠入道路一侧山崖，造成12人死亡、10人受伤。周某的主要违法行为是什么？', NULL, '驾驶逾期未检验的机动车', '货运机动车载客', '超速行驶', '疲劳驾驶', 'B');
INSERT INTO `questions` VALUES (70, '科目一', '驾驶人行车中看到注意儿童标志的时候，应怎样做？\r\n', NULL, ' 加速行驶', '绕道行驶', '谨慎选择行车速度', '保持正常车速行驶', 'C');
INSERT INTO `questions` VALUES (71, '科目四', '赵某（持有A2驾驶证）驾驶大型卧铺客车，行驶至叶城县境内219国道226公里加215米处转弯路段时，坠入道路一侧山沟，致16人死亡，26人受伤。赵某的主要违法行为是什么？', NULL, '客车超员', '驾驶逾期未检验的机动车', '驾驶与准驾车型不符的机动车', '疲劳驾驶', 'C');
INSERT INTO `questions` VALUES (72, '科目一', '以下哪个指示灯亮时，表示发动机温度过高？ \r\n', NULL, '图1', '图2', '图3', '图4', 'B');
INSERT INTO `questions` VALUES (73, '科目四', '叶某驾驶中型厢式货车，行至陂头镇上汶线3公里加600米弯道路段时，以40公里/小时的速度与王某驾驶的乘载19人正三轮载货摩托车发生正面相撞，造成10人死亡、9人受伤。双方驾驶人的主要违法行为是什么？', NULL, '叶某驾驶与准驾车型不符的机动车', '王某驾驶摩托车非法载客', '叶某超速行驶', '王某不按信号灯指示行驶', 'C');
INSERT INTO `questions` VALUES (74, '科目一', '驾驶校车、公路客运汽车、旅游客运汽车载人超过核定人数未达到百分之二十的，一次记多少分？ \r\n', NULL, '3分', '6分', '9分', '12分', 'B');
INSERT INTO `questions` VALUES (75, '科目一', '\r\n交通肇事致一人以上重伤，负事故全部或者主要责任，并具有下列哪种行为的，构成交通肇事罪？', NULL, '未带驾驶证', '未报警', '无驾驶资格驾驶机动车辆的', '未抢救受伤人员', 'C');
INSERT INTO `questions` VALUES (76, '科目四', '某日19时，杨某驾驶大客车，乘载57人（核载55人），连续行驶至次日凌晨1时,在金城江区境内050国道3008公里加110米处，因机动车左前胎爆裂，造成12人死亡、22人受伤的特大交通事故。杨某的主要违法行为是什么？', NULL, '疲劳驾驶', '客车超员', '超速行驶', '操作不当', 'B');
INSERT INTO `questions` VALUES (77, '科目一', '关于机动车灯光的使用，以下说法正确的是什么？ \r\n', NULL, '夜间驾驶机动车在照明条件良好的路段必须使用远光灯', '夜间驾驶动车在照明条件良好的路段可以不使用灯光', '机动车光一个重要的作用是提示其他机动车驾驶人和行人', '机动车灯光的作用仅仅是为了在夜间照明', 'C');
INSERT INTO `questions` VALUES (78, '科目四', '唐某驾驶一辆大客车，乘载74人（核载30人），以每小时38公里的速度，行至一连续下陡坡转弯路段时，机动车翻入路侧溪水内，造成17人死亡、57人受伤。唐某的主要违法行为是什么？', NULL, '酒后驾驶', '客车超员', '疲劳驾驶', '超速行驶', 'B');
INSERT INTO `questions` VALUES (79, '科目一', '假如你驾车行驶在颠簸路段时，以下做法正确的是什么？ \r\n', NULL, '稳住加速踏板', '挂低挡位缓抬加速踏板', '挂高挡位缓抬加速踏板', '挂低挡位踏满加速踏板', 'B');
INSERT INTO `questions` VALUES (80, '科目一', '下列哪种情况可以向机动车驾驶证核发地车辆管理所申请补发? ', NULL, '驾驶证被扣押', '驾驶证被扣留', '驾驶证遗失', '驾驶证被暂扣', 'C');
INSERT INTO `questions` VALUES (81, '科目四', '李某驾驶一辆大客车，乘载21人（核载35人），行驶途中察觉制动装置有异常但未处理，行至双岛海湾大桥时时速为50公里（该路段限速40公里），因制动失灵坠入海中，造成13人死亡、8人受伤。李某的主要违法行为是什么？', NULL, '超速行驶', '疲劳驾驶', '客车超员', '驾驶具有安全隐患的机动车', 'A;D');
INSERT INTO `questions` VALUES (82, '科目一', '遇到前方车辆停车排队或者缓慢行驶时，强行穿插，以下说法正确的是什么？ ', NULL, '禁止，因为这样不利于省油', '禁止，因为这样扰乱车流，加重拥堵', '允许，因为可以快速的通过拥堵区', '允许，因为可以省油', 'B');
INSERT INTO `questions` VALUES (83, '科目一', '机动车驾驶证被依法扣押、扣留、暂扣期间能否申请补发？ ', NULL, '可以申请', '扣留期间可以临时申请', '暂扣期间可以临时申请', '不得申请补发', 'D');
INSERT INTO `questions` VALUES (84, '科目四', '吴某驾驶一辆大客车，乘载33人（核载22人），行至163县道7公里加300米处时，机动车失控坠入山沟，造成10人死亡、21人受伤。事后经酒精检测，吴某血液酒精含量为26毫克/百毫升。吴某的主要违法行为是什么？', NULL, '超速行驶', '客车超员', '疲劳驾驶', '酒后驾驶', 'B;D');
INSERT INTO `questions` VALUES (85, '科目一', '驾驶车辆在交叉路口前变更车道时，应怎样驶入要变更的车道？ ', NULL, '在路口前实线区内根据需要', '进入路口实线区内', '在虚线区按导向箭头指示', '在路口停止线前', 'C');
INSERT INTO `questions` VALUES (86, '科目四', '钱某驾驶大型卧铺客车，乘载45人（核载40人），保持40公里/小时以上的车速行至八宿县境内连续下坡急转弯路段处，翻下100米深的山崖，造成17人死亡、20人受伤。钱某的主要违法行为是什么？', NULL, '驾驶时接听手持电话', '超速行驶', '客车超员', '疲劳驾驶', 'B;C');
INSERT INTO `questions` VALUES (87, '科目一', '机动车之间发生交通事故造成轻微财产损失，当事人对事实及成因无争议时，在确保安全的原则下，对现场拍照或标划事故车辆现场位置后，可自行撤离现场处理损害赔偿事宜，主要目的是什么？ ', NULL, '双方互有损失', '找现场证人就行了，不必报警', '为了及时恢复交通，避免造成交通拥堵', '事故后果很小，无需赔偿', 'C');
INSERT INTO `questions` VALUES (88, '科目一', '遇到这种情形时，应怎么办？ ', NULL, '从行人前方绕行', '停车让行人先行', '鸣喇叭提醒行人', '从行人后方绕行', 'B');
INSERT INTO `questions` VALUES (89, '科目四', '某日3时40分，孙某驾驶大客车（乘载54人、核载55人）行至随岳高速公路229公里加300米处，在停车下客过程中，被后方驶来李某驾驶的重型半挂机动车追尾，造成26人死亡，29人受伤。事后查明，李某从昨日18时许出发，途中一直未休息。双方驾驶人的主要违法行为是什么？', NULL, '孙某违法停车', '孙某客车超员', '李某超速', '李某疲劳驾驶', 'D');
INSERT INTO `questions` VALUES (90, '科目一', '抢救失血伤员时，要先采取什么措施？ \r\n', NULL, '观察', '包扎', '止血', '询问', 'C');
INSERT INTO `questions` VALUES (91, '科目一', '驶近这种铁路道口，怎样做才正确？ ', NULL, '如果没有看到列车驶来，可以快速横过道口', '通过铁路道口要做到“一停、二看、三通过”', 'C、只要路口的红色信号灯不亮，就可以加速通过', '没有看到铁路管理人员指挥，说明可以迅速通过', 'B');
INSERT INTO `questions` VALUES (92, '科目一', '驾驶人驾驶机动车不按交通信号灯指示通行的，一次记多少分？ ', NULL, '1分', '3分', '6分', '12分', 'C');
INSERT INTO `questions` VALUES (93, '科目四', '陶某驾驶中型客车（乘载33人），行至许平南高速公路163公里处时，以120公里/小时的速度与停在最内侧车道上安某驾驶的因事故无法移动的小客车（未设置警示标志）相撞，中型客车撞开右侧护栏侧翻，造成16死亡、15人受伤。双方驾驶人的主要违法行为是什么？', NULL, '陶某客车超员', '陶某超速行驶', '安某未按规定设置警示（告）标志', '安某违法停车', 'A;B;C');
INSERT INTO `questions` VALUES (94, '科目一', '这个标志是何含义？ \r\n', NULL, 'A、事故易发路段', '施工路段', '交通事故管理', '注意危险', 'C');
INSERT INTO `questions` VALUES (95, '科目一', '这个标志是何含义？ ', NULL, '只允许货车通行', '只允许小型汽车行驶', '指示大型货车靠右侧车道行驶', '指示大型货车通行', 'C');
INSERT INTO `questions` VALUES (96, '科目四', '邹某驾驶大型卧铺客车（核载35人，实载47人），行至京港澳高速公路938公里时，因乘车人携带的大量危险化学品在车厢内突然发生爆燃，造成41人死亡，6人受伤。此事故中的主要违法行为是什么？', NULL, '客车超员', '乘车人携带易燃易爆危险物品', '超速行驶', '不按规定停车', 'A;B');
INSERT INTO `questions` VALUES (97, '科目一', '这个标志是何含义？ ', NULL, '靠左侧道路行驶', '只准向左转弯', '左侧是下坡路段', '靠道路左侧停车', 'A');
INSERT INTO `questions` VALUES (98, '科目一', '驾驶机动车有拨打、接听手持电话等妨碍安全驾驶的行为，一次记多少分？ ', NULL, '3分', 'B、9分', '6分', '1分', 'A');
INSERT INTO `questions` VALUES (99, '科目四', '杨某驾驶改装小型客车（核载9人，实载64人，其中62人为幼儿园学生），行至榆林子镇马槽沟村处，占用对向车道逆行时与一辆重型自卸货车正面碰撞，造成22人死亡、44人受伤。该起事故中的主要违法行为是什么？', NULL, '货车超速行驶', '非法改装机动车', '客车超员', '客车逆向行驶', 'B;C;D');
INSERT INTO `questions` VALUES (100, '科目一', '\r\n上道路行驶的机动车不按规定安装机动车号牌的一次记多少分？ ', NULL, ' 12分', ' 9分', ' 6分', ' 3分', 'D');
INSERT INTO `questions` VALUES (101, '科目四', '戚某驾驶大客车，乘载28人（核载55人），由南向北行至一无交通信号控制的交叉路口，以50公里的时速与由东向西行至该路口李某驾驶的重型半挂牵引车（核载40吨，实载55.2吨）侧面相撞，造成12人死亡、17人受伤。此事故中的主要违法行为是什么', NULL, '客车超员', '客车超速行驶', '货车超载', '货车驾驶人经验不足', 'B;C');
INSERT INTO `questions` VALUES (102, '科目四', '彭某驾驶一辆重型半挂牵引车，载运37.7吨货物（核载25吨），行至大广高速公路一下坡路段，追尾碰撞一辆由李某驾驶在应急车道内行驶的重型自卸货车（货箱内装载3.17立方黄土并搭乘24人），造成16人死亡、13人受伤。此事故中的主要违法行为是什么？', NULL, '彭某超速行驶', '彭某驾驶机动车超载', '李某在应急车道内行驶', '李某货车车厢内违法载人', 'B;C');
INSERT INTO `questions` VALUES (103, '科目四', '石某驾驶低速载货机动车，运载4.05吨货物（核载1.2吨），行驶至宁津县境内314省道51公里加260米处，在越过道路中心线超越前方同向行驶的机动车时，与对向正常行驶的中型客车（乘载12人，核载11人）正面相撞，造成10人死亡、2人受伤。此事故中的违法行为是什么？', NULL, '货车超载', '货车违法超车', '客车超员', '客车驾驶人疲劳驾驶', 'A;B;C');
INSERT INTO `questions` VALUES (104, '科目一', '\r\n驾驶机动车在高速公路上行驶，遇有雾、雨、雪、沙尘、冰雹等低能见度气象条件下，能见度在100米以下时，车速不得超过每小时多少公里，与同车道前车至少保持多少米的距离？ ', NULL, ' 40，50', ' 40，40', ' 50，40', ' 50，30', 'A');
INSERT INTO `questions` VALUES (105, '科目一', '夜间在道路上会车时，距离对向来车多远将远光灯改用近光灯？ ', NULL, ' 不必变换灯光', ' 150米以外', ' 100米以内', ' 50米以内', 'B');
INSERT INTO `questions` VALUES (106, '科目四', '赵某（持有A2驾驶证）驾驶大型卧铺客车（核载36人），行驶至叶城县境内某处急弯路段，加速超越前车时，坠入道路一侧山沟，致16人死亡，20人受伤。赵某的主要违法行为是什么？', NULL, '在不具备超车条件的急弯路段加速超车', '驾驶逾期未检验的机动车', '驾驶与准驾车型不符的机动车', '疲劳驾驶', 'A;C');
INSERT INTO `questions` VALUES (107, '科目一', '当事人应当自收到罚款的行政处罚决定书之日起多长时间内，到指定的银行缴纳罚款？ ', NULL, ' 三日', ' 五日', ' 十五日', ' 三十日', 'C');
INSERT INTO `questions` VALUES (108, '科目一', '路面上的白色标线是何含义？ ', NULL, ' 车行道横向减速标线', ' 道路施工提示标线', ' 车行道纵向减速标线', ' 车道变少提示标线', 'A');
INSERT INTO `questions` VALUES (109, '科目四', '张某驾驶车辆在高速公路上发生故障不能移动，开启危险报警闪光灯后下车，联系朋友李某驾驶私家车帮忙拖曳到应急车道。李某拖曳故障车的过程中，刘某驾驶货运车辆以每小时110公里的速度驶来，导致三车相撞。这起事故中的违法行为有哪些？', NULL, '张某疲劳驾驶', '李某用私家车拖曳故障车辆', '刘某超速行驶', '未在故障车辆后设置警示标志', 'B;C;D');
INSERT INTO `questions` VALUES (110, '科目一', '以下哪种情形会被扣留车辆？ ', NULL, ' 伪造行驶证', ' 车内装饰过多', ' 驾驶人开车打电话', ' 未安装防撞装置', 'A');
INSERT INTO `questions` VALUES (111, '科目四', ' 驾驶人进入驾驶室前，首先要做什么？', NULL, '观察机动车周围情况', '不用观察周围情况', '开启车门直接上车', '注意观察天气情况', 'A');
INSERT INTO `questions` VALUES (112, '科目四', '出车前对轮胎进行哪些方面的检查？', NULL, '什么也不用检查', '轮胎有没有清洗', '备胎在什么位置', '轮胎的紧固和气压', 'D');
INSERT INTO `questions` VALUES (113, '科目一', '山区道路对安全行车的主要影响是什么？ ', NULL, '道路标志少', '交通情况单一', '坡长弯急，视距不足', '车流密度大', 'C');
INSERT INTO `questions` VALUES (114, '科目四', '出车前检查冷却液、发动机机油、燃油等是否有渗漏现象。', NULL, '正确', '错误', '', '', 'A');
INSERT INTO `questions` VALUES (115, '科目一', '安全气囊是一种什么装置？ ', NULL, ' 驾驶人头颈保护系统', ' 防抱死制动系统', ' 电子制动力分配系统', ' 辅助驾乘人员保护系统', 'D');
INSERT INTO `questions` VALUES (116, '科目四', '行车前应对机动车驾驶室、发动机舱、车外部、轮胎进行检查。', NULL, '正确', '错误', '', '', 'A');
INSERT INTO `questions` VALUES (117, '科目一', '驾驶人有下列哪种违法行为一次记12分？ ', NULL, ' 不按交通信号灯指示通行的  ', ' 使用伪造机动车号牌', ' 违反禁令标志指示 ', ' 拨打、接听手机的', 'B');
INSERT INTO `questions` VALUES (118, '科目四', '使用已有裂纹或损伤的轮胎容易引起什么后果？', NULL, '向一侧偏驶', '爆胎', '转向困难', '行驶阻力增大', 'B');
INSERT INTO `questions` VALUES (119, '科目一', '夜间驾驶机动车在没有中心隔离设施或者没有中心线的道路上行驶，以下哪种情况下应当改用近光灯？ ', NULL, '接近没有交通信号灯控制的交叉路口时', '与对向机动车会车时', '接近人行横道时', '城市道路照明条件不良时', 'B');
INSERT INTO `questions` VALUES (120, '科目四', '汽车的专用备胎可作为正常轮胎长期使用', NULL, '正确', '错误', '', '', 'B');
INSERT INTO `questions` VALUES (121, '科目一', '驾驶机动车在路口遇到这种情况如何行驶？ ', NULL, '可以向右转弯', '靠右侧直行', '遵守交通信号灯', '停车等待', 'D');
INSERT INTO `questions` VALUES (122, '科目四', '驾驶机动车的驾驶人不需要系安全带。', NULL, '正确', '错误', '', '', 'B');
INSERT INTO `questions` VALUES (123, '科目一', '对道路交通安全违法行为的处罚种类不包括下列哪项？ ', NULL, '罚款', '训诫', '警告', '拘留', 'B');
INSERT INTO `questions` VALUES (124, '科目四', '安装防抱死制动装置（ABS）的机动车紧急制动时，可用力踏制动踏板。', NULL, '正确', '错误', '', '', 'A');
INSERT INTO `questions` VALUES (125, '科目一', '这是什么踏板？ ', NULL, '加速踏板', '离合器踏板', '制动踏板', '驻车制动器', 'C');
INSERT INTO `questions` VALUES (126, '科目四', '驾驶有ABS系统的机动车在紧急制动的同时转向可能会发生侧滑。', NULL, '正确', '错误', '', '', 'A');
INSERT INTO `questions` VALUES (127, '科目四', '安装防抱死制动装置（ABS）的机动车制动时，制动距离会大大缩短。', NULL, '正确', '错误', '', '', 'B');
INSERT INTO `questions` VALUES (128, '科目四', ' 驾驶机动车在雨天起步前要使用刮水器。', NULL, '正确', '错误', '', '', 'A');
INSERT INTO `questions` VALUES (129, '科目一', '这个标志是何含义？', NULL, '限制高度为3.5米', '限制宽度为3.5米', '解除3.5米限高', '限制车距为3.5米', 'A');
INSERT INTO `questions` VALUES (130, '科目四', '机动车在路边起步后应尽快提速，并向左迅速转向驶入正常行驶道路。', NULL, '正确', '错误', '', '', 'B');
INSERT INTO `questions` VALUES (131, '科目一', '关于机动车号牌灭失、丢失或者损毁的，以下说法错误的是什么？ ', NULL, '向登记地车辆管理所申请补领、换领', '补领、换领机动车号牌的，原机动车号牌可以继续使用', '车辆管理所补发、换发号牌，原机动车号码不变', '补发、换发号牌期间，可申领有效期不超过15日的临时号牌', 'B');
INSERT INTO `questions` VALUES (132, '科目四', '机动车在路边起步后，应随时注意机动车两侧道路情况，向左缓慢转向，逐渐驶入正常行驶道路。', NULL, '正确', '错误', '', '', 'A');
INSERT INTO `questions` VALUES (133, '科目一', '机动车仪表板上（如图所示）亮表示什么？ ', NULL, '充电电流过大', '蓄电池损坏', '电流表故障', '充电电路故障', 'D');
INSERT INTO `questions` VALUES (134, '科目一', '这个标志是何含义？ ', NULL, '堤坝路', '上陡坡', '下陡坡', '连续上坡', 'C');
INSERT INTO `questions` VALUES (135, '科目四', ' 怎样调整汽车座椅安全头枕的高度？', NULL, '调整到头枕中心对正颈部', '调整到头枕中心与颈部平齐', '调整到头枕中心高出头顶', '调整到头枕中心能支撑头部', 'D');
INSERT INTO `questions` VALUES (136, '科目一', '如图所示，在高速公路同方向两条机动车道左侧车道行驶，应保持什么车速？ ', NULL, '110公里/小时～130公里/小时', '100公里/小时～120公里/小时', '90公里/小时～110公里/小时', '60公里/小时～120公里/小时', 'B');
INSERT INTO `questions` VALUES (137, '科目四', '驾驶装有ABS系统的汽车怎样采取紧急制动？', NULL, '用力踏制动踏板', '间歇踏制动踏板', '缓慢踏制动踏版', '逐渐踏下制动踏板', 'A');
INSERT INTO `questions` VALUES (138, '科目一', '驾驶机动车行经下列哪种路段不得超车？ ', NULL, '主要街道', '高架路', '人行横道', '环城高速', 'C');
INSERT INTO `questions` VALUES (139, '科目一', '公安交通管理部门对驾驶人的交通违法行为除依法给予行政处罚外，实行下列哪种制度？ ', NULL, '违法登记制度', '奖励里程制度', '累积记分制度', '强制报废制度', 'C');
INSERT INTO `questions` VALUES (140, '科目四', '车辆发生碰撞时，关于安全带作用的说法错误的是什么？', NULL, '保护颈部不受伤害', '减轻驾乘人员受伤程度', '减轻驾驶人疲劳', '保持正确驾驶姿势', 'C;D');
INSERT INTO `questions` VALUES (141, '科目一', '驾驶校车、中型以上载客载货汽车、危险物品运输车辆以外的机动车在高速公路、城市快速路以外的道路上行驶超过规定时速50%以上的，一次记多少分? ', NULL, '1分', '3分', '6分', '9分', 'C');
INSERT INTO `questions` VALUES (142, '科目一', '旋转开关这一档控制机动车哪个部位？', NULL, '左右转向灯', '近光灯', '前后雾灯', '远光灯', 'C');
INSERT INTO `questions` VALUES (143, '科目四', '驾驶汽车不系安全带在遇紧急制动或发生碰撞时可能会发生哪些危险？', NULL, '撞击风窗玻璃', '减少人员伤亡', '被甩出车外', '造成胸部损伤', 'A;C;D');
INSERT INTO `questions` VALUES (144, '科目一', '道路交通事故的损失是由受害人故意造成的，保险公司是否予以赔偿？ ', NULL, '可以赔偿', '应当补偿', '应当赔偿', '不予赔偿', 'D');
INSERT INTO `questions` VALUES (145, '科目四', '安全头枕要调整到与颈部平齐的高度。', NULL, '正确', '错误', '', '', 'B');
INSERT INTO `questions` VALUES (146, '科目一', '下列交通违法行为，一次记1分的是什么? ', NULL, '驾驶校车在高速公路、城市快速路以外的道路上行驶超过规定时速百分之二十以上未达到百分之五十的', '驾驶机动车在高速公路或者城市快速路上违法停车的', '驾驶机动车不按规定超车让行的', '驾驶机动车不按规定使用灯光的', 'D');
INSERT INTO `questions` VALUES (147, '科目四', '驾驶装有安全气囊的汽车可以不系安全带。', NULL, '正确', '错误', '', '', 'B');
INSERT INTO `questions` VALUES (148, '科目一', '为提示车辆和行人注意，雾天必须开启哪个灯？ ', NULL, '图1', '图2', '图3', '图4', 'D');
INSERT INTO `questions` VALUES (149, '科目一', '这个标志是何含义？ ', NULL, '双向交通', '分离式道路', '潮汐车道', '减速让行', 'A');
INSERT INTO `questions` VALUES (150, '科目四', '驾驶汽车在非禁鸣路段，遇复杂交通情况时可合理使用喇叭。', NULL, '正确', '错误', '', '', 'A');
INSERT INTO `questions` VALUES (151, '科目四', ' 驾驶机动车汇入车流时不能影响其他机动车通行。', NULL, '正确', '错误', '', '', 'A');
INSERT INTO `questions` VALUES (152, '科目一', '驾驶人在实习期内驾驶机动车时，应当在车身后部粘贴或者悬挂统一式样的实习标志', NULL, '正确', '错误', '', '', 'A');
INSERT INTO `questions` VALUES (153, '科目一', '驾驶机动车在高速公路上车辆发生故障时，为获得其他车辆的帮助，可将警告标志放置在其他车道。', NULL, '正确', '错误', '', '', 'B');
INSERT INTO `questions` VALUES (154, '科目一', '该机动车发生故障在应急车道停车，该车停车时存在的不安全行为是什么？①未开启危险报警闪光灯 ②警告标志放置不足150米③车上人员未转移到安全区域。', NULL, '①③', '②③', '①②③', '①②', 'C');
INSERT INTO `questions` VALUES (155, '科目一', '\r\n夜间行车，可选择下列哪个地段超车？', NULL, '窄路窄桥', '交叉路口', '路宽车少', '弯道陡坡', 'C');
INSERT INTO `questions` VALUES (156, '科目一', '在高速公路上行驶的小型载客汽车之外的其他机动车不得超过每小时多少公里？', NULL, '90', '120', '80', '100', 'D');
INSERT INTO `questions` VALUES (157, '科目一', '旋转开关这一档控制机动车哪个部位？', NULL, '左右转向灯', '近光灯', '前后雾灯', '远光灯', 'C');
INSERT INTO `questions` VALUES (158, '科目一', '驾驶机动车在高速公路或者城市快速路上不按规定车道行驶的，将被一次记多少分？', NULL, '6分', '3分', '9分', '12分', 'B');
INSERT INTO `questions` VALUES (159, '科目一', '机动车驾驶证补领后，以下说法正确的是什么？', NULL, '原驾驶证继续使用', '原驾驶证作废，不得继续使用', '原驾驶证特殊情况下使用', '替换使用', 'B');
INSERT INTO `questions` VALUES (160, '科目一', '这个标志是何含义？', NULL, '直行和左转合用车道', '直行和掉头合用车道', '直行和右转车道', '分向行驶车道', 'A');
INSERT INTO `questions` VALUES (161, '科目一', '圈内的锯齿状白色实线是什么标线？', NULL, '导向车道线', '方向引导线', '可变导向车道线', '单向行驶线', 'C');
INSERT INTO `questions` VALUES (162, '科目一', '已达到报废标准的机动车，________上道路行驶。', NULL, '经维修后可以', '缴管理费后可以', '允许临时', '不得', 'D');
INSERT INTO `questions` VALUES (163, '科目一', '行驶车道绿灯亮时，但车辆前方人行横道仍有行人行走，应怎样做？', NULL, '直接起步通过', '起步后从行人后方绕过', '起步后从行人前方绕过', '等行人通过后再起步', 'D');
INSERT INTO `questions` VALUES (164, '科目一', '驾驶机动车遇到沙尘、冰雹、雨、雾、结冰等气象条件如何行驶？', NULL, '按平常速度行驶', '保持匀速行驶', '降低行驶速度', '适当提高车速', 'C');
INSERT INTO `questions` VALUES (165, '科目一', '驾驶校车、公路客运汽车、旅游客运汽车载人超过核定人数未达到百分之二十的，一次记多少分？\r\n', NULL, '3分', '6分', '9分', '12分', 'B');
INSERT INTO `questions` VALUES (167, '科目一', '驾驶校车、中型以上载客载货汽车、危险物品运输车辆以外的机动车在高速公路、城市快速路以外的道路上行驶超过规定时速50%以上的，一次记多少分?', NULL, '1分', '3分', '6分', '9分', 'C');
INSERT INTO `questions` VALUES (168, '科目一', '下列交通违法行为，一次记12分的是什么？', NULL, '驾驶机动车运载超限的不可解体的物品，未按指定的时间、路线行驶的', '代替实际机动车驾驶人接受交通违法行为处罚和记分牟取经济利益的', '驾驶机动车载运爆炸物品，未按指定的时间、路线行驶的', '驾驶小型客车在高速公路上行驶超过规定时速20%以上未达到50%的', 'B');
INSERT INTO `questions` VALUES (169, '科目一', '机动车驾驶人逾期不参加审验仍驾驶机动车的，会受到什么处罚？', NULL, '20元以上200元以下', '200元以上500元以下', '1000元以上2000元以下', '吊销驾驶证', 'B');
INSERT INTO `questions` VALUES (170, '科目一', '指路标志的作用是什么？', NULL, '限制车辆通行', '提示限速信息', '提供方向信息', '警告前方危险', 'C');
INSERT INTO `questions` VALUES (171, '科目一', '根据交通违法行为的严重程度，一次记分的分值为？', NULL, '12分、9分、2分、1分', '12分、6分、2分、1分', '12分、9分、6分、3分、1分', '12分、9分、6分、2分、1分', 'C');
INSERT INTO `questions` VALUES (172, '科目一', '驾驶小型载客汽车在高速公路上时速低于100公里时的最小跟车距离是多少？', NULL, '不得少于50米', '不得少于30米', '不得少于20米', '不得少于10米', 'A');
INSERT INTO `questions` VALUES (173, '科目一', '危险报警闪光灯可用于下列什么场合？', NULL, '在道路上跟车行驶时', '遇到道路拥堵时', '机动车发生故障停车时', '引领后车行驶时', 'C');
INSERT INTO `questions` VALUES (174, '科目一', '交通肇事致一人以上重伤，负事故全部或者主要责任，并具有下列哪种行为的，构成交通肇事罪？', NULL, '未报警', '未抢救受伤人员', '酒后、吸食毒品后驾驶机动车辆的', '未带驾驶证', 'C');
INSERT INTO `questions` VALUES (175, '科目一', '驾驶机动车发生交通事故后当事人故意破坏、伪造现场、毁灭证据的，应当承担什么责任？', NULL, '主要责任', '次要责任', '同等责任', '全部责任', 'D');
INSERT INTO `questions` VALUES (176, '科目一', '在山区道路超车时，应怎样超越？', NULL, '选择较缓的下坡路段超车', '选择任意路段超车', '选择宽阔的缓上坡路段超车', '选择较长的下坡路段超车', 'C');
INSERT INTO `questions` VALUES (177, '科目一', '驾驶证审验内容不包括以下哪一项？', NULL, '道路交通安全违法行为、交通事故处理情况', '身体条件情况', '道路交通安全违法行为记分及记满12分后参加学习和考试情况', '机动车检验情况', 'D');

-- ----------------------------
-- Table structure for study
-- ----------------------------
DROP TABLE IF EXISTS `study`;
CREATE TABLE `study`  (
  `id` int UNSIGNED NOT NULL AUTO_INCREMENT COMMENT '主键ID',
  `category` varchar(255) CHARACTER SET utf8mb4 COLLATE utf8mb4_0900_ai_ci NOT NULL COMMENT '分类目录名称',
  `title` varchar(255) CHARACTER SET utf8mb4 COLLATE utf8mb4_0900_ai_ci NOT NULL COMMENT '标题',
  `description` text CHARACTER SET utf8mb4 COLLATE utf8mb4_0900_ai_ci NOT NULL COMMENT '描述',
  `bvnumber` varchar(255) CHARACTER SET utf8mb4 COLLATE utf8mb4_0900_ai_ci NOT NULL COMMENT 'BV号',
  PRIMARY KEY (`id`) USING BTREE,
  INDEX `category_key`(`category`) USING BTREE,
  CONSTRAINT `category_key` FOREIGN KEY (`category`) REFERENCES `category` (`categoryName`) ON DELETE CASCADE ON UPDATE RESTRICT
) ENGINE = InnoDB AUTO_INCREMENT = 26 CHARACTER SET = utf8mb4 COLLATE = utf8mb4_0900_ai_ci ROW_FORMAT = Dynamic;

-- ----------------------------
-- Records of study
-- ----------------------------
INSERT INTO `study` VALUES (1, '科目一', '新规科目一考试考点汇总', '<p>给大家分享自己科目一的考点汇总，助力各位轻轻松松过科一！ 以下内容是自己数遍2000+题库，也看过网上的三小时xx课总结归纳的，且参考交通法规编辑的，可以说包含 C1/C2题库 95%的知识和考点。 概括：扣分和罚款 记忆量较大，考察比例在 10%左右； 驾驶证 的不得申领年限、准驾车型与年龄、相关日期或时间等需要注意；</p>', 'BV1cQ4y1Y7Vr');
INSERT INTO `study` VALUES (5, '科目一', '驾考宝典科目一肖肖2小时抢分课（2023年7月）新规版', '<p>安全第一，珍爱生命；文明礼让，尊重生命！ 多点知识体系，少点应试技巧，让驾驶人拿到的不只是一本驾照，更是一份安全 ！ 科目一驾考体系，非技巧性总结，看完这个，其他什么题目啊、技巧啊、口诀啊，都能理解所以然。</p>', 'BV1Bh411K7rw');
INSERT INTO `study` VALUES (6, '科目一', '30分钟学完科目一！！（科一/扣分/罚款/常识/图标/速度/交警/缩写/新规）', '<p>学法减分学习网上学习3日内累计满30分钟且考试合格，一次扣减1分<br>现场学习满1小时且考试合格，一次扣减2分<br>参加组织的交通安全公益活动的<strong>，</strong>满1小时<strong>，</strong>一次扣减1分</p>', 'BV1R34y1p7F3');
INSERT INTO `study` VALUES (7, '科目一', '科目一拒绝死记硬背，死记2个字，就能考98分！', '<p>ADAS，全称&ldquo;高级驾驶辅助系统&rdquo;，主要是通过各种车载传感器收集车内外的环境数据， 进行静、动态物体的辨识、侦测与追踪等技术上的处理， 从而让驾驶者在最快的时间察觉可能发生的危险， 并采取相应的措施，以提升驾乘安全性。在自动驾驶领域，主要覆盖SAE L0~L2级别范围，因此被普遍认为是实现自动驾驶的过渡性技术，常见的细分功能有车道<strong>偏离</strong>警示系统（LDW）、前向<strong>碰撞</strong>预警系统（FCW）、<strong>盲区</strong>监测系统（BSD）、<strong>变道</strong>辅助系统（LCA）、<strong>自适应</strong>巡航系统（ACC）、自动<strong>紧急</strong>制动（AEB）、自动<strong>泊车</strong>系统（APS）、DMS<strong>疲劳</strong>驾驶等。TSR(<strong>交通标志</strong>识别系统缩写)</p>', 'BV13P411f7Gs');
INSERT INTO `study` VALUES (8, '科目二', '科目二驾考教程详解_超清（考试项目+评判标准+基础操作）', '<p>科目二驾考教程详解_超清（考试项目+评判标准+基础操作）</p>', 'BV11b411D7tC');
INSERT INTO `study` VALUES (9, '科目二', '科目二打方向盘教学，专治左右不分忘记多少圈', '<p>科目二打方向盘教学，专治左右不分忘记多少圈</p>', 'BV1bo4y1w7uu');
INSERT INTO `study` VALUES (10, '科目二', '科目二倒车入库，点位技巧方向讲解', '<p>科目二倒车入库，点位技巧方向讲解</p>', 'BV1Br4y1N7iF');
INSERT INTO `study` VALUES (11, '科目二', '科目二曲线行驶，原理讲解', '<p>科目二曲线行驶，原理讲解</p>', 'BV19f4y137Zg');
INSERT INTO `study` VALUES (12, '科目三', '科目三驾考教程详解_超清（考试项目+评判标准）', '<p>科目三驾考教程详解_超清（考试项目+评判标准）</p>', 'BV1n4411G7Li');
INSERT INTO `study` VALUES (13, '科目三', '最完整的科目三细节全步骤，科目三竟然这么简单！考前看一波过。', '<p>科目二驾考教程详解_超清（考试项目+评判标准+基础操作）</p>', 'BV1jb411J7XW');
INSERT INTO `study` VALUES (14, '科目三', '科目三的灯光操作', '<p>科目三的灯光操作</p>', 'BV1Gv411h7xt');
INSERT INTO `study` VALUES (15, '科目三', '科目三不注意细节！考官有100种方法让你挂科，感受一下挂科瞬间', '<p>科目三不注意细节！考官有100种方法让你挂科，感受一下挂科瞬间</p>', 'BV1v341167Dv');
INSERT INTO `study` VALUES (16, '科目四', '科目四死死记住3句话、4张图，能考100分#逢考必过', '<p>科目四死死记住3句话、4张图，能考100分#逢考必过</p>', 'BV1cQ4y1Y7Vr');
INSERT INTO `study` VALUES (17, '科目四', '考完科目四驾照一定要及时截屏，不然考试成绩系统就删除了。', '<p>考完科目四驾照一定要及时截屏，不然考试成绩系统就删除了。</p>', 'BV1bc411Q7UG');
INSERT INTO `study` VALUES (18, '科目四', '驾考科目四VIP课程 | 驾校一点通璇姐——交警手势', '<p>驾考科目四VIP课程 | 驾校一点通璇姐&mdash;&mdash;交警手势</p>', 'BV1CU4y1f7DL');
INSERT INTO `study` VALUES (19, '科目四', '科目四驾考宝典精简500题必背', '<p>科目四驾考宝典精简500题必背</p>', 'BV11b411D7tC');

-- ----------------------------
-- Table structure for users
-- ----------------------------
DROP TABLE IF EXISTS `users`;
CREATE TABLE `users`  (
  `id` int UNSIGNED NOT NULL AUTO_INCREMENT COMMENT 'ID',
  `email` varchar(255) CHARACTER SET utf8mb4 COLLATE utf8mb4_0900_ai_ci NOT NULL COMMENT '邮件地址',
  `username` varchar(255) CHARACTER SET utf8mb4 COLLATE utf8mb4_0900_ai_ci NOT NULL COMMENT '用户名',
  `passwordHash` varchar(255) CHARACTER SET utf8mb4 COLLATE utf8mb4_0900_ai_ci NOT NULL COMMENT '密码散列',
  `admin` tinyint(1) NOT NULL COMMENT '是否为管理员',
  PRIMARY KEY (`id`) USING BTREE,
  UNIQUE INDEX `unique_username`(`username`) USING BTREE,
  UNIQUE INDEX `unique_email`(`email`) USING BTREE,
  INDEX `idx_username`(`email`, `username`) USING BTREE
) ENGINE = InnoDB AUTO_INCREMENT = 6 CHARACTER SET = utf8mb4 COLLATE = utf8mb4_0900_ai_ci ROW_FORMAT = Dynamic;

-- ----------------------------
-- Records of users
-- ----------------------------
INSERT INTO `users` VALUES (3, '1@1.com', 'Ghost_chu', 'removed', 1);
INSERT INTO `users` VALUES (4, '2@2.com', 'ZhangSan', 'removed', 1);
INSERT INTO `users` VALUES (5, '3@3.com', 'LiSi', 'removed', 1);

SET FOREIGN_KEY_CHECKS = 1;
